Location,Company,Job_title,Salary,Links
English,PT Karya Bintang Mandiri,Admin Produksi & Bahan Baku,English,https://www.jobstreet.co.id/id/job/admin-produksi-bahan-baku-4518955?jobId=jobstreet-id-job-4518955&sectionRank=1&token=0~2859336c-7623-46f9-9eca-35eb77a90584&fr=SRP%20Job%20Listing
English,PT Artemi Zenith International,ADMIN STAFF (SURABAYA / TANGERANG),English,https://www.jobstreet.co.id/id/job/admin-staff-surabaya-tangerang-4518834?jobId=jobstreet-id-job-4518834&sectionRank=2&token=0~2859336c-7623-46f9-9eca-35eb77a90584&fr=SRP%20Job%20Listing
English,PT Prima Audio Indonesia,Staff Administrasi,English,https://www.jobstreet.co.id/id/job/staff-administrasi-4518085?jobId=jobstreet-id-job-4518085&sectionRank=3&token=0~2859336c-7623-46f9-9eca-35eb77a90584&fr=SRP%20Job%20Listing
English,PT Borneo Mandiri Investment,General Admin,English,https://www.jobstreet.co.id/id/job/general-admin-4518760?jobId=jobstreet-id-job-4518760&sectionRank=4&token=0~2859336c-7623-46f9-9eca-35eb77a90584&fr=SRP%20Job%20Listing
English,PT Teka P & T International,Staff Payroll HRD,English,https://www.jobstreet.co.id/id/job/staff-payroll-hrd-4518978?jobId=jobstreet-id-job-4518978&sectionRank=5&token=0~2859336c-7623-46f9-9eca-35eb77a90584&fr=SRP%20Job%20Listing
English,"PT. Zyrexindo Mandiri Buana, Tbk",Teknisi Customer Service,English,https://www.jobstreet.co.id/id/job/teknisi-customer-service-4518805?jobId=jobstreet-id-job-4518805&sectionRank=6&token=0~2859336c-7623-46f9-9eca-35eb77a90584&fr=SRP%20Job%20Listing
English,PT Gunung Sagara Buana,Admin Warehouse,English,https://www.jobstreet.co.id/id/job/admin-warehouse-4518494?jobId=jobstreet-id-job-4518494&sectionRank=7&token=0~2859336c-7623-46f9-9eca-35eb77a90584&fr=SRP%20Job%20Listing
English,PT Neuroteknologi Edukasi Indonesia,Admin Customer Support,English,https://www.jobstreet.co.id/id/job/admin-customer-support-4517560?jobId=jobstreet-id-job-4517560&sectionRank=8&token=0~2859336c-7623-46f9-9eca-35eb77a90584&fr=SRP%20Job%20Listing
English,PT Friendship Logistics Line,Staff Lapangan Trucking,English,https://www.jobstreet.co.id/id/job/staff-lapangan-trucking-4518682?jobId=jobstreet-id-job-4518682&sectionRank=9&token=0~2859336c-7623-46f9-9eca-35eb77a90584&fr=SRP%20Job%20Listing
English,PT Damai Abadi,Accounting Admin Staff,English,https://www.jobstreet.co.id/id/job/accounting-admin-staff-4518383?jobId=jobstreet-id-job-4518383&sectionRank=10&token=0~2859336c-7623-46f9-9eca-35eb77a90584&fr=SRP%20Job%20Listing
English,PT MUMUSO TRADING INDONESIA,IT Staff,English,https://www.jobstreet.co.id/id/job/it-staff-4519006?jobId=jobstreet-id-job-4519006&sectionRank=11&token=0~2859336c-7623-46f9-9eca-35eb77a90584&fr=SRP%20Job%20Listing
English,PT MHE-Demag Indonesia,Service Technician,English,https://www.jobstreet.co.id/id/job/service-technician-4519030?jobId=jobstreet-id-job-4519030&sectionRank=12&token=0~2859336c-7623-46f9-9eca-35eb77a90584&fr=SRP%20Job%20Listing
English,PT. Tsingshan Steel Indonesia,Guest Attendant 接待员,English,https://www.jobstreet.co.id/id/job/guest-attendant-%E6%8E%A5%E5%BE%85%E5%91%98-4519064?jobId=jobstreet-id-job-4519064&sectionRank=13&token=0~2859336c-7623-46f9-9eca-35eb77a90584&fr=SRP%20Job%20Listing
English,PT GMP Sukses Makmur Indonesia,STAFF ADMIN MARKETING,English,https://www.jobstreet.co.id/id/job/staff-admin-marketing-4517859?jobId=jobstreet-id-job-4517859&sectionRank=14&token=0~2859336c-7623-46f9-9eca-35eb77a90584&fr=SRP%20Job%20Listing
English,PT Borneo Mandiri Investment,QA QC Staff,English,https://www.jobstreet.co.id/id/job/qa-qc-staff-4518773?jobId=jobstreet-id-job-4518773&sectionRank=15&token=0~2859336c-7623-46f9-9eca-35eb77a90584&fr=SRP%20Job%20Listing
English,PT Lestari Jaya Raya,PROGRAMER STAFF,English,https://www.jobstreet.co.id/id/job/programer-staff-4519071?jobId=jobstreet-id-job-4519071&sectionRank=16&token=0~2859336c-7623-46f9-9eca-35eb77a90584&fr=SRP%20Job%20Listing
English,PT. Samudra Sakti Utama (Sunset Eyewear),HR Staff,English,https://www.jobstreet.co.id/id/job/hr-staff-4519012?jobId=jobstreet-id-job-4519012&sectionRank=17&token=0~2859336c-7623-46f9-9eca-35eb77a90584&fr=SRP%20Job%20Listing
English,PT Human Protalent Indonesia,Receptionist,English,https://www.jobstreet.co.id/id/job/receptionist-4517616?jobId=jobstreet-id-job-4517616&sectionRank=18&token=0~2859336c-7623-46f9-9eca-35eb77a90584&fr=SRP%20Job%20Listing
English,PT Borneo Mandiri Investment,General Admin,English,https://www.jobstreet.co.id/id/job/general-admin-4516210?jobId=jobstreet-id-job-4516210&sectionRank=19&token=0~2859336c-7623-46f9-9eca-35eb77a90584&fr=SRP%20Job%20Listing
English,PT Astra Otoparts Tbk,Finance & Accounting Trainee,English,https://www.jobstreet.co.id/id/job/finance-accounting-trainee-4518195?jobId=jobstreet-id-job-4518195&sectionRank=20&token=0~2859336c-7623-46f9-9eca-35eb77a90584&fr=SRP%20Job%20Listing
English,PT. Soho Industri Pharmasi,Business Development Junior Manager,English,https://www.jobstreet.co.id/id/job/business-development-junior-manager-4518758?jobId=jobstreet-id-job-4518758&sectionRank=21&token=0~2859336c-7623-46f9-9eca-35eb77a90584&fr=SRP%20Job%20Listing
English,PT Inti Lancar Guna,Executive Assistant,English,https://www.jobstreet.co.id/id/job/executive-assistant-4519044?jobId=jobstreet-id-job-4519044&sectionRank=22&token=0~2859336c-7623-46f9-9eca-35eb77a90584&fr=SRP%20Job%20Listing
Location not found,Company name not found,Job Title not found,Perusahaan tidak menampilkan gaji,https://www.jobstreet.co.id/id/job/ast.-spv-warehouse-4518898?jobId=jobstreet-id-job-4518898&sectionRank=23&token=0~2859336c-7623-46f9-9eca-35eb77a90584&fr=SRP%20Job%20Listing
Location not found,Company name not found,Job Title not found,Perusahaan tidak menampilkan gaji,https://www.jobstreet.co.id/id/job/management-trainee-4518467?jobId=jobstreet-id-job-4518467&sectionRank=24&token=0~2859336c-7623-46f9-9eca-35eb77a90584&fr=SRP%20Job%20Listing
Location not found,Company name not found,Job Title not found,Perusahaan tidak menampilkan gaji,https://www.jobstreet.co.id/id/job/admin-finance-4516909?jobId=jobstreet-id-job-4516909&sectionRank=25&token=0~2859336c-7623-46f9-9eca-35eb77a90584&fr=SRP%20Job%20Listing
Location not found,Company name not found,Job Title not found,Perusahaan tidak menampilkan gaji,https://www.jobstreet.co.id/id/job/staff-pajak-4518701?jobId=jobstreet-id-job-4518701&sectionRank=26&token=0~2859336c-7623-46f9-9eca-35eb77a90584&fr=SRP%20Job%20Listing
Location not found,Company name not found,Job Title not found,Perusahaan tidak menampilkan gaji,https://www.jobstreet.co.id/id/job/staff-administrasi-4516630?jobId=jobstreet-id-job-4516630&sectionRank=27&token=0~2859336c-7623-46f9-9eca-35eb77a90584&fr=SRP%20Job%20Listing
Location not found,Company name not found,Job Title not found,Perusahaan tidak menampilkan gaji,https://www.jobstreet.co.id/id/job/sales-assistant-4518248?jobId=jobstreet-id-job-4518248&sectionRank=28&token=0~2859336c-7623-46f9-9eca-35eb77a90584&fr=SRP%20Job%20Listing
Location not found,Company name not found,Job Title not found,Perusahaan tidak menampilkan gaji,https://www.jobstreet.co.id/id/job/purchasing-4518944?jobId=jobstreet-id-job-4518944&sectionRank=29&token=0~2859336c-7623-46f9-9eca-35eb77a90584&fr=SRP%20Job%20Listing
Location not found,Company name not found,Job Title not found,Perusahaan tidak menampilkan gaji,https://www.jobstreet.co.id/id/job/staff-accounting-4518191?jobId=jobstreet-id-job-4518191&sectionRank=30&token=0~2859336c-7623-46f9-9eca-35eb77a90584&fr=SRP%20Job%20Listing
Location not found,Company name not found,Job Title not found,Perusahaan tidak menampilkan gaji,https://www.jobstreet.co.id/id/job/staff-pajak-4518701?jobId=jobstreet-id-job-4518701&sectionRank=31&token=0~c6886821-c55c-4422-8886-d54bf5aa41f2&fr=SRP%20Job%20Listing
Location not found,Company name not found,Job Title not found,Perusahaan tidak menampilkan gaji,https://www.jobstreet.co.id/id/job/staff-administrasi-4516630?jobId=jobstreet-id-job-4516630&sectionRank=32&token=0~c6886821-c55c-4422-8886-d54bf5aa41f2&fr=SRP%20Job%20Listing
Location not found,Company name not found,Job Title not found,Perusahaan tidak menampilkan gaji,https://www.jobstreet.co.id/id/job/sales-assistant-4518248?jobId=jobstreet-id-job-4518248&sectionRank=33&token=0~c6886821-c55c-4422-8886-d54bf5aa41f2&fr=SRP%20Job%20Listing
Location not found,Company name not found,Job Title not found,Perusahaan tidak menampilkan gaji,https://www.jobstreet.co.id/id/job/purchasing-4518944?jobId=jobstreet-id-job-4518944&sectionRank=34&token=0~c6886821-c55c-4422-8886-d54bf5aa41f2&fr=SRP%20Job%20Listing
Location not found,Company name not found,Job Title not found,Perusahaan tidak menampilkan gaji,https://www.jobstreet.co.id/id/job/staff-accounting-4518191?jobId=jobstreet-id-job-4518191&sectionRank=35&token=0~c6886821-c55c-4422-8886-d54bf5aa41f2&fr=SRP%20Job%20Listing
Location not found,Company name not found,Job Title not found,Perusahaan tidak menampilkan gaji,https://www.jobstreet.co.id/id/job/admin-customer-service-4517619?jobId=jobstreet-id-job-4517619&sectionRank=36&token=0~c6886821-c55c-4422-8886-d54bf5aa41f2&fr=SRP%20Job%20Listing
Location not found,Company name not found,Job Title not found,Perusahaan tidak menampilkan gaji,https://www.jobstreet.co.id/id/job/product-specialist-protein-4518699?jobId=jobstreet-id-job-4518699&sectionRank=37&token=0~c6886821-c55c-4422-8886-d54bf5aa41f2&fr=SRP%20Job%20Listing
Location not found,Company name not found,Job Title not found,Perusahaan tidak menampilkan gaji,https://www.jobstreet.co.id/id/job/marketing-supervisor-4518070?jobId=jobstreet-id-job-4518070&sectionRank=38&token=0~c6886821-c55c-4422-8886-d54bf5aa41f2&fr=SRP%20Job%20Listing
Location not found,Company name not found,Job Title not found,Perusahaan tidak menampilkan gaji,https://www.jobstreet.co.id/id/job/supervisor-sales-customer-service-4518495?jobId=jobstreet-id-job-4518495&sectionRank=39&token=0~c6886821-c55c-4422-8886-d54bf5aa41f2&fr=SRP%20Job%20Listing
Location not found,Company name not found,Job Title not found,Perusahaan tidak menampilkan gaji,https://www.jobstreet.co.id/id/job/business-excellence-specialist-4518808?jobId=jobstreet-id-job-4518808&sectionRank=40&token=0~c6886821-c55c-4422-8886-d54bf5aa41f2&fr=SRP%20Job%20Listing
Location not found,Company name not found,Job Title not found,Perusahaan tidak menampilkan gaji,https://www.jobstreet.co.id/id/job/staff-finance-osram-automotive-4518386?jobId=jobstreet-id-job-4518386&sectionRank=41&token=0~c6886821-c55c-4422-8886-d54bf5aa41f2&fr=SRP%20Job%20Listing
Location not found,Company name not found,Job Title not found,Perusahaan tidak menampilkan gaji,https://www.jobstreet.co.id/id/job/organizational-development-staff-4514981?jobId=jobstreet-id-job-4514981&sectionRank=42&token=0~c6886821-c55c-4422-8886-d54bf5aa41f2&fr=SRP%20Job%20Listing
Location not found,Company name not found,Job Title not found,Perusahaan tidak menampilkan gaji,https://www.jobstreet.co.id/id/job/sales-supervisor-4518789?jobId=jobstreet-id-job-4518789&sectionRank=43&token=0~c6886821-c55c-4422-8886-d54bf5aa41f2&fr=SRP%20Job%20Listing
Location not found,Company name not found,Job Title not found,Perusahaan tidak menampilkan gaji,https://www.jobstreet.co.id/id/job/management-trainee-transport-4517587?jobId=jobstreet-id-job-4517587&sectionRank=44&token=0~c6886821-c55c-4422-8886-d54bf5aa41f2&fr=SRP%20Job%20Listing
Location not found,Company name not found,Job Title not found,Perusahaan tidak menampilkan gaji,https://www.jobstreet.co.id/id/job/demand-supply-planning-analyst-4518761?jobId=jobstreet-id-job-4518761&sectionRank=45&token=0~c6886821-c55c-4422-8886-d54bf5aa41f2&fr=SRP%20Job%20Listing
Location not found,Company name not found,Job Title not found,Perusahaan tidak menampilkan gaji,https://www.jobstreet.co.id/id/job/costing-staff-4516837?jobId=jobstreet-id-job-4516837&sectionRank=46&token=0~c6886821-c55c-4422-8886-d54bf5aa41f2&fr=SRP%20Job%20Listing
Location not found,Company name not found,Job Title not found,Perusahaan tidak menampilkan gaji,https://www.jobstreet.co.id/id/job/operator-qc-quality-control-4517694?jobId=jobstreet-id-job-4517694&sectionRank=47&token=0~c6886821-c55c-4422-8886-d54bf5aa41f2&fr=SRP%20Job%20Listing
Location not found,Company name not found,Job Title not found,Perusahaan tidak menampilkan gaji,https://www.jobstreet.co.id/id/job/facility-development-analyst-4517404?jobId=jobstreet-id-job-4517404&sectionRank=48&token=0~c6886821-c55c-4422-8886-d54bf5aa41f2&fr=SRP%20Job%20Listing
Location not found,Company name not found,Job Title not found,Perusahaan tidak menampilkan gaji,https://www.jobstreet.co.id/id/job/procurement-logistic-manager-asst.-4518160?jobId=jobstreet-id-job-4518160&sectionRank=49&token=0~c6886821-c55c-4422-8886-d54bf5aa41f2&fr=SRP%20Job%20Listing
Location not found,Company name not found,Job Title not found,Perusahaan tidak menampilkan gaji,https://www.jobstreet.co.id/id/job/personal-assistant-4516357?jobId=jobstreet-id-job-4516357&sectionRank=50&token=0~c6886821-c55c-4422-8886-d54bf5aa41f2&fr=SRP%20Job%20Listing
Location not found,Company name not found,Job Title not found,Perusahaan tidak menampilkan gaji,https://www.jobstreet.co.id/id/job/social-media-supervisor-4517999?jobId=jobstreet-id-job-4517999&sectionRank=51&token=0~c6886821-c55c-4422-8886-d54bf5aa41f2&fr=SRP%20Job%20Listing
Location not found,Company name not found,Job Title not found,Perusahaan tidak menampilkan gaji,https://www.jobstreet.co.id/id/job/qa-iso-staff-4517700?jobId=jobstreet-id-job-4517700&sectionRank=52&token=0~c6886821-c55c-4422-8886-d54bf5aa41f2&fr=SRP%20Job%20Listing
Location not found,Company name not found,Job Title not found,Perusahaan tidak menampilkan gaji,https://www.jobstreet.co.id/id/job/supervisor-operasional-4518943?jobId=jobstreet-id-job-4518943&sectionRank=53&token=0~c6886821-c55c-4422-8886-d54bf5aa41f2&fr=SRP%20Job%20Listing
Location not found,Company name not found,Job Title not found,Perusahaan tidak menampilkan gaji,https://www.jobstreet.co.id/id/job/mekanik-otomotif-truck-diesel-4519053?jobId=jobstreet-id-job-4519053&sectionRank=54&token=0~c6886821-c55c-4422-8886-d54bf5aa41f2&fr=SRP%20Job%20Listing
Location not found,Company name not found,Job Title not found,Perusahaan tidak menampilkan gaji,https://www.jobstreet.co.id/id/job/admin-penjualan-4514554?jobId=jobstreet-id-job-4514554&sectionRank=55&token=0~c6886821-c55c-4422-8886-d54bf5aa41f2&fr=SRP%20Job%20Listing
Location not found,Company name not found,Job Title not found,Perusahaan tidak menampilkan gaji,https://www.jobstreet.co.id/id/job/hrga-staff-4517861?jobId=jobstreet-id-job-4517861&sectionRank=56&token=0~c6886821-c55c-4422-8886-d54bf5aa41f2&fr=SRP%20Job%20Listing
Location not found,Company name not found,Job Title not found,Perusahaan tidak menampilkan gaji,https://www.jobstreet.co.id/id/job/admin-toko-online-4518101?jobId=jobstreet-id-job-4518101&sectionRank=57&token=0~c6886821-c55c-4422-8886-d54bf5aa41f2&fr=SRP%20Job%20Listing
Location not found,Company name not found,Job Title not found,Perusahaan tidak menampilkan gaji,https://www.jobstreet.co.id/id/job/corporate-secretary-4518036?jobId=jobstreet-id-job-4518036&sectionRank=58&token=0~c6886821-c55c-4422-8886-d54bf5aa41f2&fr=SRP%20Job%20Listing
Location not found,Company name not found,Job Title not found,Perusahaan tidak menampilkan gaji,https://www.jobstreet.co.id/id/job/junior-taxation-4517744?jobId=jobstreet-id-job-4517744&sectionRank=59&token=0~c6886821-c55c-4422-8886-d54bf5aa41f2&fr=SRP%20Job%20Listing
Location not found,Company name not found,Job Title not found,Perusahaan tidak menampilkan gaji,https://www.jobstreet.co.id/id/job/application-lab-officer-cosmetics-4517966?jobId=jobstreet-id-job-4517966&sectionRank=60&token=0~c6886821-c55c-4422-8886-d54bf5aa41f2&fr=SRP%20Job%20Listing
Location not found,Company name not found,Job Title not found,Perusahaan tidak menampilkan gaji,https://www.jobstreet.co.id/id/job/ppic-food-4518449?jobId=jobstreet-id-job-4518449&sectionRank=61&token=0~ee3c59f6-43b2-484c-a6cc-ba5d17d82d27&fr=SRP%20Job%20Listing
Location not found,Company name not found,Job Title not found,Perusahaan tidak menampilkan gaji,https://www.jobstreet.co.id/id/job/staff-administrasi-4515704?jobId=jobstreet-id-job-4515704&sectionRank=62&token=0~ee3c59f6-43b2-484c-a6cc-ba5d17d82d27&fr=SRP%20Job%20Listing
Location not found,Company name not found,Job Title not found,Perusahaan tidak menampilkan gaji,https://www.jobstreet.co.id/id/job/business-assistant-4516698?jobId=jobstreet-id-job-4516698&sectionRank=63&token=0~ee3c59f6-43b2-484c-a6cc-ba5d17d82d27&fr=SRP%20Job%20Listing
Location not found,Company name not found,Job Title not found,Perusahaan tidak menampilkan gaji,https://www.jobstreet.co.id/id/job/analyst-gps-supervisor-4518589?jobId=jobstreet-id-job-4518589&sectionRank=64&token=0~ee3c59f6-43b2-484c-a6cc-ba5d17d82d27&fr=SRP%20Job%20Listing
Location not found,Company name not found,Job Title not found,Perusahaan tidak menampilkan gaji,https://www.jobstreet.co.id/id/job/support-data-center-4518274?jobId=jobstreet-id-job-4518274&sectionRank=65&token=0~ee3c59f6-43b2-484c-a6cc-ba5d17d82d27&fr=SRP%20Job%20Listing
Location not found,Company name not found,Job Title not found,Perusahaan tidak menampilkan gaji,https://www.jobstreet.co.id/id/job/operational-staff-traffic-coordinator-4517716?jobId=jobstreet-id-job-4517716&sectionRank=66&token=0~ee3c59f6-43b2-484c-a6cc-ba5d17d82d27&fr=SRP%20Job%20Listing
Location not found,Company name not found,Job Title not found,Perusahaan tidak menampilkan gaji,https://www.jobstreet.co.id/id/job/finance-4510499?jobId=jobstreet-id-job-4510499&sectionRank=67&token=0~ee3c59f6-43b2-484c-a6cc-ba5d17d82d27&fr=SRP%20Job%20Listing
Location not found,Company name not found,Job Title not found,Perusahaan tidak menampilkan gaji,https://www.jobstreet.co.id/id/job/sales-executive-4518950?jobId=jobstreet-id-job-4518950&sectionRank=68&token=0~ee3c59f6-43b2-484c-a6cc-ba5d17d82d27&fr=SRP%20Job%20Listing
Location not found,Company name not found,Job Title not found,Perusahaan tidak menampilkan gaji,https://www.jobstreet.co.id/id/job/promotion-staff-4517284?jobId=jobstreet-id-job-4517284&sectionRank=69&token=0~ee3c59f6-43b2-484c-a6cc-ba5d17d82d27&fr=SRP%20Job%20Listing
Location not found,Company name not found,Job Title not found,Perusahaan tidak menampilkan gaji,https://www.jobstreet.co.id/id/job/secretary-director-4516557?jobId=jobstreet-id-job-4516557&sectionRank=70&token=0~ee3c59f6-43b2-484c-a6cc-ba5d17d82d27&fr=SRP%20Job%20Listing
Location not found,Company name not found,Job Title not found,Perusahaan tidak menampilkan gaji,https://www.jobstreet.co.id/id/job/internal-audit-staff-4517920?jobId=jobstreet-id-job-4517920&sectionRank=71&token=0~ee3c59f6-43b2-484c-a6cc-ba5d17d82d27&fr=SRP%20Job%20Listing
Location not found,Company name not found,Job Title not found,Perusahaan tidak menampilkan gaji,https://www.jobstreet.co.id/id/job/call-center-representative-tagalog-speaker-4518858?jobId=jobstreet-id-job-4518858&sectionRank=72&token=0~ee3c59f6-43b2-484c-a6cc-ba5d17d82d27&fr=SRP%20Job%20Listing
Location not found,Company name not found,Job Title not found,Perusahaan tidak menampilkan gaji,https://www.jobstreet.co.id/id/job/import-senior-staff-4518827?jobId=jobstreet-id-job-4518827&sectionRank=73&token=0~ee3c59f6-43b2-484c-a6cc-ba5d17d82d27&fr=SRP%20Job%20Listing
Location not found,Company name not found,Job Title not found,Perusahaan tidak menampilkan gaji,https://www.jobstreet.co.id/id/job/admin-accounting-tax-4517783?jobId=jobstreet-id-job-4517783&sectionRank=74&token=0~ee3c59f6-43b2-484c-a6cc-ba5d17d82d27&fr=SRP%20Job%20Listing
Location not found,Company name not found,Job Title not found,Perusahaan tidak menampilkan gaji,https://www.jobstreet.co.id/id/job/it-staff-support-4517666?jobId=jobstreet-id-job-4517666&sectionRank=75&token=0~ee3c59f6-43b2-484c-a6cc-ba5d17d82d27&fr=SRP%20Job%20Listing
Location not found,Company name not found,Job Title not found,Perusahaan tidak menampilkan gaji,https://www.jobstreet.co.id/id/job/kol-specialist-merchandise-4518886?jobId=jobstreet-id-job-4518886&sectionRank=76&token=0~ee3c59f6-43b2-484c-a6cc-ba5d17d82d27&fr=SRP%20Job%20Listing
Location not found,Company name not found,Job Title not found,Perusahaan tidak menampilkan gaji,https://www.jobstreet.co.id/id/job/finance-manager-4518688?jobId=jobstreet-id-job-4518688&sectionRank=77&token=0~ee3c59f6-43b2-484c-a6cc-ba5d17d82d27&fr=SRP%20Job%20Listing
Location not found,Company name not found,Job Title not found,Perusahaan tidak menampilkan gaji,https://www.jobstreet.co.id/id/job/reservation-staff-4516974?jobId=jobstreet-id-job-4516974&sectionRank=78&token=0~ee3c59f6-43b2-484c-a6cc-ba5d17d82d27&fr=SRP%20Job%20Listing
Location not found,Company name not found,Job Title not found,Perusahaan tidak menampilkan gaji,https://www.jobstreet.co.id/id/job/service-advisor-4517585?jobId=jobstreet-id-job-4517585&sectionRank=79&token=0~ee3c59f6-43b2-484c-a6cc-ba5d17d82d27&fr=SRP%20Job%20Listing
Location not found,Company name not found,Job Title not found,Perusahaan tidak menampilkan gaji,https://www.jobstreet.co.id/id/job/kepala-cabang-fastlab-surabaya-4519007?jobId=jobstreet-id-job-4519007&sectionRank=80&token=0~ee3c59f6-43b2-484c-a6cc-ba5d17d82d27&fr=SRP%20Job%20Listing
Location not found,Company name not found,Job Title not found,Perusahaan tidak menampilkan gaji,https://www.jobstreet.co.id/id/job/production-engineer-moulding-4517319?jobId=jobstreet-id-job-4517319&sectionRank=81&token=0~ee3c59f6-43b2-484c-a6cc-ba5d17d82d27&fr=SRP%20Job%20Listing
Location not found,Company name not found,Job Title not found,Perusahaan tidak menampilkan gaji,https://www.jobstreet.co.id/id/job/accounting-manager-4518697?jobId=jobstreet-id-job-4518697&sectionRank=82&token=0~ee3c59f6-43b2-484c-a6cc-ba5d17d82d27&fr=SRP%20Job%20Listing
Location not found,Company name not found,Job Title not found,Perusahaan tidak menampilkan gaji,https://www.jobstreet.co.id/id/job/store-manager-4519021?jobId=jobstreet-id-job-4519021&sectionRank=83&token=0~ee3c59f6-43b2-484c-a6cc-ba5d17d82d27&fr=SRP%20Job%20Listing
Location not found,Company name not found,Job Title not found,Perusahaan tidak menampilkan gaji,https://www.jobstreet.co.id/id/job/hr-recruiter-automotive-4517751?jobId=jobstreet-id-job-4517751&sectionRank=84&token=0~ee3c59f6-43b2-484c-a6cc-ba5d17d82d27&fr=SRP%20Job%20Listing
Location not found,Company name not found,Job Title not found,Perusahaan tidak menampilkan gaji,https://www.jobstreet.co.id/id/job/social-media-admin-4515146?jobId=jobstreet-id-job-4515146&sectionRank=85&token=0~ee3c59f6-43b2-484c-a6cc-ba5d17d82d27&fr=SRP%20Job%20Listing
Location not found,Company name not found,Job Title not found,Perusahaan tidak menampilkan gaji,https://www.jobstreet.co.id/id/job/warehouse-staff-4515954?jobId=jobstreet-id-job-4515954&sectionRank=86&token=0~ee3c59f6-43b2-484c-a6cc-ba5d17d82d27&fr=SRP%20Job%20Listing
Location not found,Company name not found,Job Title not found,Perusahaan tidak menampilkan gaji,https://www.jobstreet.co.id/id/job/field-sales-marketing-4518615?jobId=jobstreet-id-job-4518615&sectionRank=87&token=0~ee3c59f6-43b2-484c-a6cc-ba5d17d82d27&fr=SRP%20Job%20Listing
Location not found,Company name not found,Job Title not found,Perusahaan tidak menampilkan gaji,https://www.jobstreet.co.id/id/job/system-development-4518993?jobId=jobstreet-id-job-4518993&sectionRank=88&token=0~ee3c59f6-43b2-484c-a6cc-ba5d17d82d27&fr=SRP%20Job%20Listing
Location not found,Company name not found,Job Title not found,Perusahaan tidak menampilkan gaji,https://www.jobstreet.co.id/id/job/process-engineer-4517272?jobId=jobstreet-id-job-4517272&sectionRank=89&token=0~ee3c59f6-43b2-484c-a6cc-ba5d17d82d27&fr=SRP%20Job%20Listing
Location not found,Company name not found,Job Title not found,Perusahaan tidak menampilkan gaji,https://www.jobstreet.co.id/id/job/parts-production-foreman-supervisor-manufacturing-cikarang-b-100231-4518733?jobId=jobstreet-id-job-4518733&sectionRank=90&token=0~ee3c59f6-43b2-484c-a6cc-ba5d17d82d27&fr=SRP%20Job%20Listing
Location not found,Company name not found,Job Title not found,Perusahaan tidak menampilkan gaji,https://www.jobstreet.co.id/id/job/personal-asisstant-to-ceo-director-4517231?jobId=jobstreet-id-job-4517231&sectionRank=91&token=0~1fdda0e0-4c58-4310-a2e7-e3b96299591f&fr=SRP%20Job%20Listing
Location not found,Company name not found,Job Title not found,Perusahaan tidak menampilkan gaji,https://www.jobstreet.co.id/id/job/marketing-supervisor-4518070?jobId=jobstreet-id-job-4518070&sectionRank=92&token=0~1fdda0e0-4c58-4310-a2e7-e3b96299591f&fr=SRP%20Job%20Listing
Location not found,Company name not found,Job Title not found,Perusahaan tidak menampilkan gaji,https://www.jobstreet.co.id/id/job/penanggung-jawab-teknis-alat-kesehatan-khusus-pjt-alkes-4518050?jobId=jobstreet-id-job-4518050&sectionRank=93&token=0~1fdda0e0-4c58-4310-a2e7-e3b96299591f&fr=SRP%20Job%20Listing
Location not found,Company name not found,Job Title not found,Perusahaan tidak menampilkan gaji,https://www.jobstreet.co.id/id/job/it-software-support-4518005?jobId=jobstreet-id-job-4518005&sectionRank=94&token=0~1fdda0e0-4c58-4310-a2e7-e3b96299591f&fr=SRP%20Job%20Listing
Location not found,Company name not found,Job Title not found,Perusahaan tidak menampilkan gaji,https://www.jobstreet.co.id/id/job/office-administrator-receptionist-11103936/origin/sg?jobId=jobstreet-sg-job-11103936&sectionRank=95&token=0~1fdda0e0-4c58-4310-a2e7-e3b96299591f&fr=SRP%20Job%20Listing
Location not found,Company name not found,Job Title not found,Perusahaan tidak menampilkan gaji,https://www.jobstreet.co.id/id/job/account-officer-batam-4518108?jobId=jobstreet-id-job-4518108&sectionRank=96&token=0~1fdda0e0-4c58-4310-a2e7-e3b96299591f&fr=SRP%20Job%20Listing
Location not found,Company name not found,Job Title not found,Perusahaan tidak menampilkan gaji,https://www.jobstreet.co.id/id/job/senior-technical-manager-4518658?jobId=jobstreet-id-job-4518658&sectionRank=97&token=0~1fdda0e0-4c58-4310-a2e7-e3b96299591f&fr=SRP%20Job%20Listing
Location not found,Company name not found,Job Title not found,Perusahaan tidak menampilkan gaji,https://www.jobstreet.co.id/id/job/accounting-system-specialist-4517874?jobId=jobstreet-id-job-4517874&sectionRank=98&token=0~1fdda0e0-4c58-4310-a2e7-e3b96299591f&fr=SRP%20Job%20Listing
Location not found,Company name not found,Job Title not found,Perusahaan tidak menampilkan gaji,https://www.jobstreet.co.id/id/job/corporate-legal-coordinator-4518744?jobId=jobstreet-id-job-4518744&sectionRank=99&token=0~1fdda0e0-4c58-4310-a2e7-e3b96299591f&fr=SRP%20Job%20Listing
Location not found,Company name not found,Job Title not found,Perusahaan tidak menampilkan gaji,https://www.jobstreet.co.id/id/job/supervisor-digital-marketing-e-commerce-4518468?jobId=jobstreet-id-job-4518468&sectionRank=100&token=0~1fdda0e0-4c58-4310-a2e7-e3b96299591f&fr=SRP%20Job%20Listing
Location not found,Company name not found,Job Title not found,Perusahaan tidak menampilkan gaji,https://www.jobstreet.co.id/id/job/restaurant-supervisor-4517909?jobId=jobstreet-id-job-4517909&sectionRank=101&token=0~1fdda0e0-4c58-4310-a2e7-e3b96299591f&fr=SRP%20Job%20Listing
Location not found,Company name not found,Job Title not found,Perusahaan tidak menampilkan gaji,https://www.jobstreet.co.id/id/job/kepala-teknik-perusahaan-bus-elf-mesin-diesel-4519073?jobId=jobstreet-id-job-4519073&sectionRank=102&token=0~1fdda0e0-4c58-4310-a2e7-e3b96299591f&fr=SRP%20Job%20Listing
Location not found,Company name not found,Job Title not found,Perusahaan tidak menampilkan gaji,https://www.jobstreet.co.id/id/job/business-development-account-4516892?jobId=jobstreet-id-job-4516892&sectionRank=103&token=0~1fdda0e0-4c58-4310-a2e7-e3b96299591f&fr=SRP%20Job%20Listing
Location not found,Company name not found,Job Title not found,Perusahaan tidak menampilkan gaji,https://www.jobstreet.co.id/id/job/quality-analyst-inspector-staff-4516524?jobId=jobstreet-id-job-4516524&sectionRank=104&token=0~1fdda0e0-4c58-4310-a2e7-e3b96299591f&fr=SRP%20Job%20Listing
Location not found,Company name not found,Job Title not found,Perusahaan tidak menampilkan gaji,https://www.jobstreet.co.id/id/job/organizational-development-staff-4514981?jobId=jobstreet-id-job-4514981&sectionRank=105&token=0~1fdda0e0-4c58-4310-a2e7-e3b96299591f&fr=SRP%20Job%20Listing
Location not found,Company name not found,Job Title not found,Perusahaan tidak menampilkan gaji,https://www.jobstreet.co.id/id/job/sales-project-4518901?jobId=jobstreet-id-job-4518901&sectionRank=106&token=0~1fdda0e0-4c58-4310-a2e7-e3b96299591f&fr=SRP%20Job%20Listing
Location not found,Company name not found,Job Title not found,Perusahaan tidak menampilkan gaji,https://www.jobstreet.co.id/id/job/key-account-executive-customer-care-4518300?jobId=jobstreet-id-job-4518300&sectionRank=107&token=0~1fdda0e0-4c58-4310-a2e7-e3b96299591f&fr=SRP%20Job%20Listing
Location not found,Company name not found,Job Title not found,Perusahaan tidak menampilkan gaji,https://www.jobstreet.co.id/id/job/qc-manager-construction-b-100237-4518672?jobId=jobstreet-id-job-4518672&sectionRank=108&token=0~1fdda0e0-4c58-4310-a2e7-e3b96299591f&fr=SRP%20Job%20Listing
Location not found,Company name not found,Job Title not found,Perusahaan tidak menampilkan gaji,https://www.jobstreet.co.id/id/job/partner-manager-11108044/origin/sg?jobId=jobstreet-sg-job-11108044&sectionRank=109&token=0~1fdda0e0-4c58-4310-a2e7-e3b96299591f&fr=SRP%20Job%20Listing
Location not found,Company name not found,Job Title not found,Perusahaan tidak menampilkan gaji,https://www.jobstreet.co.id/id/job/sales-customer-support-4517567?jobId=jobstreet-id-job-4517567&sectionRank=110&token=0~1fdda0e0-4c58-4310-a2e7-e3b96299591f&fr=SRP%20Job%20Listing
Location not found,Company name not found,Job Title not found,Perusahaan tidak menampilkan gaji,https://www.jobstreet.co.id/id/job/hrd-staff-4517162?jobId=jobstreet-id-job-4517162&sectionRank=111&token=0~1fdda0e0-4c58-4310-a2e7-e3b96299591f&fr=SRP%20Job%20Listing
Location not found,Company name not found,Job Title not found,Perusahaan tidak menampilkan gaji,https://www.jobstreet.co.id/id/job/procurement-penempatan-di-cileungsi-4517852?jobId=jobstreet-id-job-4517852&sectionRank=112&token=0~1fdda0e0-4c58-4310-a2e7-e3b96299591f&fr=SRP%20Job%20Listing
Location not found,Company name not found,Job Title not found,Perusahaan tidak menampilkan gaji,https://www.jobstreet.co.id/id/job/finance-controller-4516585?jobId=jobstreet-id-job-4516585&sectionRank=113&token=0~1fdda0e0-4c58-4310-a2e7-e3b96299591f&fr=SRP%20Job%20Listing
Location not found,Company name not found,Job Title not found,Perusahaan tidak menampilkan gaji,https://www.jobstreet.co.id/id/job/facility-development-analyst-4517404?jobId=jobstreet-id-job-4517404&sectionRank=114&token=0~1fdda0e0-4c58-4310-a2e7-e3b96299591f&fr=SRP%20Job%20Listing
Location not found,Company name not found,Job Title not found,Perusahaan tidak menampilkan gaji,https://www.jobstreet.co.id/id/job/maintenance-coordinator-level-4517897?jobId=jobstreet-id-job-4517897&sectionRank=115&token=0~1fdda0e0-4c58-4310-a2e7-e3b96299591f&fr=SRP%20Job%20Listing
Location not found,Company name not found,Job Title not found,Perusahaan tidak menampilkan gaji,https://www.jobstreet.co.id/id/job/officer-people-development-4516716?jobId=jobstreet-id-job-4516716&sectionRank=116&token=0~1fdda0e0-4c58-4310-a2e7-e3b96299591f&fr=SRP%20Job%20Listing
Location not found,Company name not found,Job Title not found,Perusahaan tidak menampilkan gaji,https://www.jobstreet.co.id/id/job/maintenance-production-engineer-4517693?jobId=jobstreet-id-job-4517693&sectionRank=117&token=0~1fdda0e0-4c58-4310-a2e7-e3b96299591f&fr=SRP%20Job%20Listing
Location not found,Company name not found,Job Title not found,Perusahaan tidak menampilkan gaji,https://www.jobstreet.co.id/id/job/project-manager-jakarta-4518835?jobId=jobstreet-id-job-4518835&sectionRank=118&token=0~1fdda0e0-4c58-4310-a2e7-e3b96299591f&fr=SRP%20Job%20Listing
Location not found,Company name not found,Job Title not found,Perusahaan tidak menampilkan gaji,https://www.jobstreet.co.id/id/job/hr-industrial-relation-staff-4516670?jobId=jobstreet-id-job-4516670&sectionRank=119&token=0~1fdda0e0-4c58-4310-a2e7-e3b96299591f&fr=SRP%20Job%20Listing
Location not found,Company name not found,Job Title not found,Perusahaan tidak menampilkan gaji,https://www.jobstreet.co.id/id/job/hrd-manager-4517197?jobId=jobstreet-id-job-4517197&sectionRank=120&token=0~1fdda0e0-4c58-4310-a2e7-e3b96299591f&fr=SRP%20Job%20Listing
