id,Job_title,Company,Category,Location,Work_type,Working_type,Salary,Experience,Skills,Study_requirement,Desc,Link,Link_img
kt0,"Sales Counter Mobil (HARAPAN INDAH, BEKASI)",PT Nusapala Group,Tidak ditampilkan,"Kota Bekasi, Jawa Barat",Kontrak,Kerja di kantor,Rp 2.000.000,Minimal 1 Tahun,Analitis,SMA/SMK/Sederajat,"Kualifikasi : - Wanita / Pria Usia 22-35 tahun - Pendidikan Min SMA/SMK - Memiliki Pengalaman 1 tahun dibidang Sales Mobil, Motor, Properti, Bank - Berkepribadian baik - Domisili Jakarta dan sekitarnya",https://kerja.kitalulus.com/id/lowongan/detail/sales-counter-mobil-harapan-indah-bekasi-j3gf,/_next/image?url=https%3A%2F%2Fstorage.googleapis.com%2Fneat-element-283712.appspot.com%2Fcompany%2Flogo%2F16827%2F20220919_JC1643979533521_Logo-Nusapala.jpg&w=96&q=75;
kt1,CREDIT MARKETING OFFICER MOTOR & DANA TUNAI MOTOR - SIDOARJO,PT Mega Central Finance,Tidak ditampilkan,"Kabupaten Sidoarjo, Jawa Timur",Full Time,Kerja di lapangan,Tidak ditampilkan,Minimal 1 Tahun,"Sales Target, Keterampilan Komunikasi, Komunikasi Efektif, Persuasive Communication Skills",D3/D4,"Deskripsi Pekerjaan Melakukan aktifitas penjualan produk Motor Roda 2 & Dana Tunai Bekerjasama dengan Dealer, maupun kanvasing untuk mencapai target penjualan yang ditetapkan perusahaan Membina hubungan baik dengan Dealer sebagai bentuk upaya pemenuhan target penjualan Melakukan survey dan analisa kelayakan konsumen Membuat laporan aktivitas penjualan harian, mingguan dan bulanan Kualifikasi: Usia maksimal 35 tahun Pendidikan minimal D3/S1 sederajat, Terbuka untuk fresh graduate Memiliki kendaraan sendiri dan memiliki SIM C Memiliki kemampuan persuasif & analisis yang baik, Komunikasi & kemampuan interpersonal yang baik Menyukai bekerja lapangan, ulet dan bisa bekerja dengan target tinggi Memiliki pengalaman sebagai Marketing Sales otomotif atau Credit Marketing Officer untuk Produk Motor Baru Pinjaman Dana atau Dana Tunai Memiliki networking yang luas PENEMPATAN : CABANG SIDOARJO 1 : Jl diponegoro Ruko Graha Mutiara Delta C10-11 SidoarjoCABANG SIDOARJO 2 : Jl Raya Pagerwojo No 186 Sidoarjo(MOHON CANTUMKAN CABANG YANG DIPILIH)",https://kerja.kitalulus.com/id/lowongan/detail/credit-marketing-officer-motor-dana-tunai-motor-tb3a,/_next/image?url=https%3A%2F%2Fimagedelivery.net%2FzmT1bHITMC1AralJOt9_Vg%2F69b414f9-16e1-4d59-b107-3aac0e47cb00%2Fthumbnail&w=96&q=75;
kt2,KOLEKTOR MOTOR - SIDOARJO,PT Mega Central Finance,Tidak ditampilkan,"Kabupaten Sidoarjo, Jawa Timur",Kontrak,Kerja di lapangan,Tidak ditampilkan,Minimal 1 Tahun,"Debt Collection Process, Handling Pressure, Field Data Collection, Communication Negotiation",D3/D4,"Deskripsi Pekerjaan Melakukan aktifitas penagihan angsuran ke konsumen dan membantu konsumen untuk memproses penyelesaian angsuran yang tertunggak Kualifikasi : Usia maksimal 37 tahun Pengalaman minimal 1 tahun Lulusan D3 & S1 Lulusan baru atau memiliki pengalaman dibidangnya di perusahaan pembiayaan kendaraan bermotor Memiliki sepeda motor dan SIM C (Wajib) Ketertarikan pada pekerjaan di lapangan dan penagihan angsuran konsumen Disiplin, Jujur, Tatakrama yang baik dan Tidak mudah mengeluh Berorientasi pada target PENEMPATAN : CABANG SIDOARJO 1 : Jl diponegoro Ruko Graha Mutiara Delta C10-11 SidoarjoCABANG SIDOARJO 2: Jl Raya Pagerwojo No 186 Sidoarjo(MOHON CANTUMKAN CABANG YANG DIPILIH)",https://kerja.kitalulus.com/id/lowongan/detail/kolektor-motor-sidoarjo-wuar,/_next/image?url=https%3A%2F%2Fimagedelivery.net%2FzmT1bHITMC1AralJOt9_Vg%2F69b414f9-16e1-4d59-b107-3aac0e47cb00%2Fthumbnail&w=96&q=75;
kt3,Crew Operasional Depot Juang 45 Surabaya,PT Triasa Tunas Tangguh,Tidak ditampilkan,"Kota Surabaya, Jawa Timur",Full Time,Kerja di kantor,Tidak ditampilkan,Minimal 1 Tahun,"Managing Kitchen Team, Kitchen Cleanliness Management, Atmosphere Quality Control",SMA/SMK/Sederajat,JOB DESKMemasakKasirServerKUALIFIKASILaki-laki / PerempuanPendidikan minimal SMA/SederajatBerpengalaman kerja cafe/restoBerpengalaman sebagai Cook Helper dan kasirMaksimal usia 28 tahunSiap bekerja dengan sistem kontrak dan sesuai SOPDomisili Surabaya dan Sekitarnya,https://kerja.kitalulus.com/id/lowongan/detail/crew-operasional-depot-juang-45-b6b7,/_next/image?url=https%3A%2F%2Fimagedelivery.net%2FzmT1bHITMC1AralJOt9_Vg%2Fe5992ee5-aeb5-4a1f-fcc3-c6b70f0ed000%2Fthumbnail&w=96&q=75;
kt4,PETUGAS GUDANG PHARMA - TANJUNG MORAWA,PT Tempo Scan Pacific Tbk,Tidak ditampilkan,"Kabupaten Deli Serdang, Sumatra Utara",Full Time,Kerja di kantor,Tidak ditampilkan,Minimal 1 Tahun,"Warehouse Control, Warehouse Management",SMA/SMK/Sederajat,Deskripsi PekerjaanMelakukan penyusunan barang menyesuaikan dengan permintaan (DO/DN)Melakukan perhitungan stok barang yang menjadi tanggung jawabnyamelakukan stock opname bulananMenjalanan SOP penyusunan dan pengiriman barang dengan baikMemberikan informasi yang valid mengenai pencapaian Warehouse and DeliveryKualifikasiMin. D3 FarmasiBisa bekerja secara team atau mandiriMenguasai pengelolaan dan alur gudang obat,https://kerja.kitalulus.com/id/lowongan/detail/petugas-gudang-tanjung-morawa-rz35,"data:image/gif;base64,R0lGODlhAQABAIAAAAAAAP///yH5BAEAAAAALAAAAAABAAEAAAIBRAA7;"
kt5,Account Executive XL Belitung,PT Duta Generasi Mandiri,Tidak ditampilkan,"Kabupaten Belitung, Kepulauan Bangka Belitung",Full Time,Kerja di kantor,Tidak ditampilkan,Tidak ada ketentuan,Business Sales Development,D3/D4,"Kualifikasi : 1.	Pria/Wanita, usia Max 26 tahun, belum menikah 2.	Pendidikan min. D3, tidak sedang berkuliah 3.	Tinggi Pria 170 cm, Wanita 160cm, good looking (WAJIB) 4.	Pengalaman sales / Marketing / CS minimal 1 thn 5.	Bersedia kerja target & Mobile 6.	Min. punya sertifikat vaksin 3 7.	Pekerja keras, jujur, pantang menyerah, kreatif, Sopan & beretika baik Deskripsi pekerjaan : 1.	Menjadi Resepsionis untuk Menerima Tamu 2.	Menjalin Hubungan yang Baik dengan Pelanggan (Customer Relation Officer) 3.	Sebagai Komunikator 4.	Melayani Pelanggan Melalui Telepon Maupun Bertatap Muka Langsung 5.	Mengorganisir Administrasi 6.	Menjalankan KPI sesuai ketentuan yaitu (70% Selling, 30% Service) 7.	Wajib direct apabila tidak memenuhi target sesuai ketentuan XL. ",https://kerja.kitalulus.com/id/lowongan/detail/account-executive-xl-belitung-mzov,/_next/image?url=https%3A%2F%2Fimagedelivery.net%2FzmT1bHITMC1AralJOt9_Vg%2F78f01ee8-4ca4-40fc-afdd-dc4992e26800%2Fthumbnail&w=96&q=75;
kt6,Crew Outlet Kabobs Jatinangor Town Square (JATOS),PT Tata Jago Utama (Kabobs),Tidak ditampilkan,"Kabupaten Sumedang, Jawa Barat",Full Time,Kerja di kantor,Tidak ditampilkan,Minimal 1 Tahun,Food and Beverage Handling,SMA/SMK/Sederajat,"PENEMPATAN : KABOBS JATOS- Pendidikan minimal SMA/SMK Jurusan Tata Boga atau Kuliner, lebih disukai- Memiliki pengalaman di bidang Restaurant / Fastfood / Hotel / Service minimal 1 tahun lebih disukai- TIDAK SEDANG BERKULIAH- Memiliki Vaklaring / Surat Keterangan Kerja, atau Sertifikat PKL (Khusus pelamar yang menempuh pendidikan SMK di bidang Tataboga / Perhotelan / Kuliner)- Memiliki SKCK Aktif- Memiliki kemampuan komunikasi yang baik dan atraktif- Bersedia bekerja di weekend dan hari libur nasional",https://kerja.kitalulus.com/id/lowongan/detail/crew-outlet-kabobs-jatinangor-town-square-jatos-tmv8,/_next/image?url=https%3A%2F%2Fstorage.googleapis.com%2Fneat-element-283712.appspot.com%2Fcompany%2Flogo%2F15365%2F20220919_JC1643179781743_Logo-Kabobs.png&w=96&q=75;
kt7,DSR Hunter - Jakarta Selatan,PT Padma Raharja Sentosa,Tidak ditampilkan,"Jakarta Selatan, DKI Jakarta",Full Time,Kerja di kantor,Tidak ditampilkan,Tidak ada ketentuan,,SMA/SMK/Sederajat,Kualifikasi :Memiliki kendaraan pribadiMinimal pendidikan SMA/SMKMemiliki pengalaman sebagai Sales/Marketing/FundingBerpenampilan menarikTarget OrientedClear BI Checking,https://kerja.kitalulus.com/id/lowongan/detail/dsr-hunter-jakarta-selatan-ao5g,/_next/image?url=https%3A%2F%2Fimagedelivery.net%2FzmT1bHITMC1AralJOt9_Vg%2Fcd162995-a202-449a-8e30-099e07355f00%2Fthumbnail&w=96&q=75;
kt8,Sales KPR Perbankan -  Tangerang,PT Padma Raharja Sentosa,Tidak ditampilkan,"Kota Tangerang, Banten",Kontrak,Kerja di kantor,Rp 10.000.000,Tidak ada ketentuan,"Banking Marketing, Banking Product Marketing, B2C Sales Development, Adaptability, Adapting to Change, Analytical, Analytical Thinking, Attention to Detail, Banking Regulations, Business Relationship Development, Communicating with Diverse Parties, Creative Thinking, Credit Assessment, Credit Analysis, Credit Law, Credit Management, Critical Thinking, Credit Monitoring, Customer Relationship Management, Conflict Management",D3/D4,"Kualifikasi-Pria atau Wanita-Pendidikan minimal SMK/SMA/D3 berpengalaman minimal 1 tahun-Bersih dari BI checking-Memiliki ketertarikan dalam bidang Marketing dan dunia bisnis-Berpenampilan rapi, menarik dan memiliki kemampuan berkomunikasi yang baik-Diutamakan yang memiliki kendaraan bermotor dan memiliki SIM CJob Deskripsi- Membangun dan memelihara baik dengan developer yang di tunjuk , secara kelembagaan juga secara personal- Membantu stff developer dalam memasarkan unit perumahannya dalam hal pembiayaan , melalui produk kredit pemilikan rumah - Menawarkan produk kredit pemilikan rumah kepada pembeli unit rumah di proyek/developer- Mengumpulkan data calon debitur dari developer yang sesuai , namun tidak terbatas pada dokumen checklist yang di terbitkan untuk keperluan proses kredit.- Menjalankan proses bagian dari rangkaian proses kredit kpr.",https://kerja.kitalulus.com/id/lowongan/detail/sales-kpr-tangerang-u18j,/_next/image?url=https%3A%2F%2Fimagedelivery.net%2FzmT1bHITMC1AralJOt9_Vg%2Fcd162995-a202-449a-8e30-099e07355f00%2Fthumbnail&w=96&q=75;
kt9,SPB/SPG Mitra 10,PT Duta Generasi Mandiri,Tidak ditampilkan,"Kota Balikpapan, Kalimantan Timur",Kontrak,Kerja di kantor,Tidak ditampilkan,Minimal 2 Tahun,Retail,SMA/SMK/Sederajat,"PT Duta Generasi adalah perusahaan yang bergerak di bidang outsourcing, dan kami disini sebagai vendor dari Mitra 10. Mitra 10 adalah perusahaan yang bergerak di bidang ritel penyedia bahan bangunan. Jobdesc :1. Melakukan kegiatan sales/marketing dalam Store 2. Membuat report penjualan3. Selling, target penjualan4. Makerting & media promo Activty Persyaratanlaki-Laki/ perempuan usia 40 tahun maximalmemilikipengalaman sales 2 tahunsudah vaksin minimal dosis ke 2",https://kerja.kitalulus.com/id/lowongan/detail/spbspg-mitra-10-1fjo,/_next/image?url=https%3A%2F%2Fimagedelivery.net%2FzmT1bHITMC1AralJOt9_Vg%2F78f01ee8-4ca4-40fc-afdd-dc4992e26800%2Fthumbnail&w=96&q=75;
kt10,Account Executive XL Belitung,PT Duta Generasi Mandiri,Tidak ditampilkan,"Kabupaten Belitung, Kepulauan Bangka Belitung",Full Time,Kerja di kantor,Tidak ditampilkan,Tidak ada ketentuan,Business Sales Development,D3/D4,"Kualifikasi : 1.	Pria/Wanita, usia Max 26 tahun, belum menikah 2.	Pendidikan min. D3, tidak sedang berkuliah 3.	Tinggi Pria 170 cm, Wanita 160cm, good looking (WAJIB) 4.	Pengalaman sales / Marketing / CS minimal 1 thn 5.	Bersedia kerja target & Mobile 6.	Min. punya sertifikat vaksin 3 7.	Pekerja keras, jujur, pantang menyerah, kreatif, Sopan & beretika baik Deskripsi pekerjaan : 1.	Menjadi Resepsionis untuk Menerima Tamu 2.	Menjalin Hubungan yang Baik dengan Pelanggan (Customer Relation Officer) 3.	Sebagai Komunikator 4.	Melayani Pelanggan Melalui Telepon Maupun Bertatap Muka Langsung 5.	Mengorganisir Administrasi 6.	Menjalankan KPI sesuai ketentuan yaitu (70% Selling, 30% Service) 7.	Wajib direct apabila tidak memenuhi target sesuai ketentuan XL. ",https://kerja.kitalulus.com/id/lowongan/detail/account-executive-xl-belitung-mzov,/_next/image?url=https%3A%2F%2Fimagedelivery.net%2FzmT1bHITMC1AralJOt9_Vg%2F78f01ee8-4ca4-40fc-afdd-dc4992e26800%2Fthumbnail&w=96&q=75;
kt11,Crew Outlet Kabobs Jatinangor Town Square (JATOS),PT Tata Jago Utama (Kabobs),Tidak ditampilkan,"Kabupaten Sumedang, Jawa Barat",Full Time,Kerja di kantor,Tidak ditampilkan,Minimal 1 Tahun,Food and Beverage Handling,SMA/SMK/Sederajat,"PENEMPATAN : KABOBS JATOS- Pendidikan minimal SMA/SMK Jurusan Tata Boga atau Kuliner, lebih disukai- Memiliki pengalaman di bidang Restaurant / Fastfood / Hotel / Service minimal 1 tahun lebih disukai- TIDAK SEDANG BERKULIAH- Memiliki Vaklaring / Surat Keterangan Kerja, atau Sertifikat PKL (Khusus pelamar yang menempuh pendidikan SMK di bidang Tataboga / Perhotelan / Kuliner)- Memiliki SKCK Aktif- Memiliki kemampuan komunikasi yang baik dan atraktif- Bersedia bekerja di weekend dan hari libur nasional",https://kerja.kitalulus.com/id/lowongan/detail/crew-outlet-kabobs-jatinangor-town-square-jatos-tmv8,/_next/image?url=https%3A%2F%2Fstorage.googleapis.com%2Fneat-element-283712.appspot.com%2Fcompany%2Flogo%2F15365%2F20220919_JC1643179781743_Logo-Kabobs.png&w=96&q=75;
kt12,DSR Hunter - Jakarta Selatan,PT Padma Raharja Sentosa,Tidak ditampilkan,"Jakarta Selatan, DKI Jakarta",Full Time,Kerja di kantor,Tidak ditampilkan,Tidak ada ketentuan,,SMA/SMK/Sederajat,Kualifikasi :Memiliki kendaraan pribadiMinimal pendidikan SMA/SMKMemiliki pengalaman sebagai Sales/Marketing/FundingBerpenampilan menarikTarget OrientedClear BI Checking,https://kerja.kitalulus.com/id/lowongan/detail/dsr-hunter-jakarta-selatan-ao5g,/_next/image?url=https%3A%2F%2Fimagedelivery.net%2FzmT1bHITMC1AralJOt9_Vg%2Fcd162995-a202-449a-8e30-099e07355f00%2Fthumbnail&w=96&q=75;
kt13,Sales KPR Perbankan -  Tangerang,PT Padma Raharja Sentosa,Tidak ditampilkan,"Kota Tangerang, Banten",Kontrak,Kerja di kantor,Rp 10.000.000,Tidak ada ketentuan,"Banking Marketing, Banking Product Marketing, B2C Sales Development, Adaptability, Adapting to Change, Analytical, Analytical Thinking, Attention to Detail, Banking Regulations, Business Relationship Development, Communicating with Diverse Parties, Creative Thinking, Credit Assessment, Credit Analysis, Credit Law, Credit Management, Critical Thinking, Credit Monitoring, Customer Relationship Management, Conflict Management",D3/D4,"Kualifikasi-Pria atau Wanita-Pendidikan minimal SMK/SMA/D3 berpengalaman minimal 1 tahun-Bersih dari BI checking-Memiliki ketertarikan dalam bidang Marketing dan dunia bisnis-Berpenampilan rapi, menarik dan memiliki kemampuan berkomunikasi yang baik-Diutamakan yang memiliki kendaraan bermotor dan memiliki SIM CJob Deskripsi- Membangun dan memelihara baik dengan developer yang di tunjuk , secara kelembagaan juga secara personal- Membantu stff developer dalam memasarkan unit perumahannya dalam hal pembiayaan , melalui produk kredit pemilikan rumah - Menawarkan produk kredit pemilikan rumah kepada pembeli unit rumah di proyek/developer- Mengumpulkan data calon debitur dari developer yang sesuai , namun tidak terbatas pada dokumen checklist yang di terbitkan untuk keperluan proses kredit.- Menjalankan proses bagian dari rangkaian proses kredit kpr.",https://kerja.kitalulus.com/id/lowongan/detail/sales-kpr-tangerang-u18j,/_next/image?url=https%3A%2F%2Fimagedelivery.net%2FzmT1bHITMC1AralJOt9_Vg%2Fcd162995-a202-449a-8e30-099e07355f00%2Fthumbnail&w=96&q=75;
kt14,SPB/SPG Mitra 10,PT Duta Generasi Mandiri,Tidak ditampilkan,"Kota Balikpapan, Kalimantan Timur",Kontrak,Kerja di kantor,Tidak ditampilkan,Minimal 2 Tahun,Retail,SMA/SMK/Sederajat,"PT Duta Generasi adalah perusahaan yang bergerak di bidang outsourcing, dan kami disini sebagai vendor dari Mitra 10. Mitra 10 adalah perusahaan yang bergerak di bidang ritel penyedia bahan bangunan. Jobdesc :1. Melakukan kegiatan sales/marketing dalam Store 2. Membuat report penjualan3. Selling, target penjualan4. Makerting & media promo Activty Persyaratanlaki-Laki/ perempuan usia 40 tahun maximalmemilikipengalaman sales 2 tahunsudah vaksin minimal dosis ke 2",https://kerja.kitalulus.com/id/lowongan/detail/spbspg-mitra-10-1fjo,/_next/image?url=https%3A%2F%2Fimagedelivery.net%2FzmT1bHITMC1AralJOt9_Vg%2F78f01ee8-4ca4-40fc-afdd-dc4992e26800%2Fthumbnail&w=96&q=75;
kt15,Accountant,PT. Plazamedis Indonesia,Tidak ditampilkan,"Kabupaten Sleman, DI Yogyakarta",Full Time,Kerja di rumah,Tidak ditampilkan,Tidak ada ketentuan,"accounting, Accounting Control",SMA/SMK/Sederajat,"HAI... UNTUK KAMU YANG BERKARAKTERSuka dengan data dan angkaTelitiKritis dan AnalitikSuka mengembangkan diriPlazamedis Indonesia adalah Perusahaan yang bergerak di bidang Jasa Kesehatan dan telah memiliki banyak pelanggan baik personal ataupun korporat dan akan menjadi perusahaan yang paling banyak pelanggan, pengguna, mitra, layanan, lokasi penjualan dan peran sosial di seluruh indonesia lagi buka lowongan buat kamu nih.PERSYARATANMenguasai Excel dan Spreadshet level IntermediateBerpengalaman menggunakan aplikasi akutansi (Jurnal.id lebih diutamakan)Paham prinsip prinsip pembukuan berdasarkan PSAKMemiliki device laptop pribadiBerdomisili di Sleman/Sekitar Yogyakarta",https://kerja.kitalulus.com/id/lowongan/detail/accountant-pc3p,/_next/image?url=https%3A%2F%2Fimagedelivery.net%2FzmT1bHITMC1AralJOt9_Vg%2F0c079482-81bf-40cd-2d76-1bbfcbfb2500%2Fthumbnail&w=96&q=75;
kt16,"Assistant Cake Decorator (Living World, Tangerang)",Mint Patisserie,Tidak ditampilkan,"Jakarta Barat, DKI Jakarta",Kontrak,Kerja di kantor,Rp 2.100.000,Tidak ada ketentuan,"Initiative Taking, Discipline",SMA/SMK/Sederajat,"Dicari asisten decorator cake shop dengan jobdesc penempatan LIVING WORLD, TANGERANG:- membuat kue (kitchen)- menyiapkan bahan- membantu kebersihan dan pengirimanKRITERIA:Perempuan berusia 18-30 tahun, belum menikah.Pendidikan minimal SMK / sederajatRajin (tidak malas), inisiatif tinggi, teliti dan jujurTidak ada pengalaman boleh melamar ASAL NIAT KERJABersedia bekerja sesuai jadwal kitchen: 6 hari kerja dalam 1 minggu, tanggal merah tetap masuk.SIAP DI KONTRAK KERJA 1 TAHUNSIAP DI TRAINING DI PUSAT (MANGGA BESAR, JAKARTA BARAT) SAMPAI AWAL JANUARI. Lokasi start bulan Januari di daerah Living World, Tangerang. GAJI 2 juta + Bonus bulanan + THR",https://kerja.kitalulus.com/id/lowongan/detail/assistant-cake-decorator-living-world-tangerang-fjp7,/_next/image?url=https%3A%2F%2Fimagedelivery.net%2FzmT1bHITMC1AralJOt9_Vg%2F532f621a-49e3-4c58-4d97-6480c253a800%2Fthumbnail&w=96&q=75;
kt17,SALES PROJECT,PT SARANA ARTHA GRAHAWISESA,Tidak ditampilkan,"Jakarta Barat, DKI Jakarta",Full Time,Kerja di kantor,Rp 7.000.000,Minimal 3 Tahun,"Customer Service, Selling Skills, Product Promotion, Business Presentation, Property Understanding",SMA/SMK/Sederajat,"Deskripsi Pekerjaan:Mencari dan menemukan peluang sales, serta melakukan penjualan ke proyek - proyek high-rise dan/atau landed di IndonesiaMembangun, memelihara dan mengembangkan hubungan dengan klien baru dan eksisting (pengembang/owner, arsitek, kontraktor, subkontraktor dan aplikator)Memberikan presentasi product knowledge dan konsultasi produk kepada klienMengembangkan jaringan kepada klien baru dan existing serta membuat laporan list database klienMembuat proposal produk yang sesuai dengan kebutuhan klien berkaitan dengan spesifikasi teknis dan budgetMelakukan koordinasi dengan tim internal (purchasing, shipment, finance dan technical) untuk memastikan kebutuhan klien terpenuhi dengan lancarMembantu menghitung kepuasan klien dan apabila ada catatan keluhan atau umpan balik dari klienMemberikan laporan penjualan secara periodik",https://kerja.kitalulus.com/id/lowongan/detail/sales-project-qaso,/_next/image?url=https%3A%2F%2Fimagedelivery.net%2FzmT1bHITMC1AralJOt9_Vg%2F6b10b942-a5a7-4606-c9d6-7c59108a4b00%2Fthumbnail&w=96&q=75;
kt18,Tentor Psikologi,Panara Course,Tidak ditampilkan,"Kota Balikpapan, Kalimantan Timur",Freelance,Kerja di kantor / rumah,Rp 3.800.000,Minimal 1 Tahun,"Effective Teaching, Interactive Teaching, Teacher Professional Development",S1,"Panara Course adalah lembaga bimbingan belajar (bimbel) yang berfokus pada program pendidikan untuk persiapan dalam seleksi kedinasan CPNS, STAN, IPDN, STIN, STIS dan kedinasan lainnya serta TNI/Polri. Kami sudah beroperasi di Yogyakarta lebih dari 3 tahun dan akan beroperasi di berbagai wilayah, maka dari itu Panara Course sedang membutuhkan Tentor yang ditempatkan diberbagai wilayah.Menguasai materi yang diampu.Memiliki pengalaman mengajar.Mau mempelajari hal-hal yang baru.Memiliki kemampuan komunikasi yang baik.Memiliki kemampuan mengajar secara tatap muka.Latar belakang pendidikan sesuai posisi yang dilamar.Mengembangkan dan mengimplementasikan program yang berlaku.Waktu Bekerja : Menyesuaikan siswa.NB : Freelance di kota lowker ini dibuka.",https://kerja.kitalulus.com/id/lowongan/detail/tentor-psikologi-e5jf,/_next/image?url=https%3A%2F%2Fimagedelivery.net%2FzmT1bHITMC1AralJOt9_Vg%2F41990fb8-33e5-46a0-b7f7-00e9312fed00%2Fthumbnail&w=96&q=75;
kt19,Sales Canvassing,PT JualVape Indonesia,Tidak ditampilkan,"Jakarta Pusat, DKI Jakarta",Full Time,Kerja di kantor,Rp 3.500.000,Minimal 1 Tahun,"Persuasive Communication Skills, Active Communication",SMA/SMK/Sederajat,"Kualifikasi :Pria Berusia maksimal 28thPendidikan Minimal SMA/KDomisili JakartaMemiliki kendaraan (motor) dan SIM CMemiliki pengalaman di bidang vape min 1 tahunMampu berkomunikasi dengan baikDeskripsi Pekerjaan :Mempersiapkan dan menyampaikan presentasi penjualan persuasif dan demonstrasi produkMenegosiasikan dan menutup perjanjian penjualan dengan klien, mematikan syarat dan ketentuan yang optimalBerkolaborasi dengan tim internal untuk memastikan kelancaran pemrosesan pesanan, pengiriman, dan after sales sevices",https://kerja.kitalulus.com/id/lowongan/detail/sales-canvassing-trku,/_next/image?url=https%3A%2F%2Fimagedelivery.net%2FzmT1bHITMC1AralJOt9_Vg%2Fa94e43b1-2f45-4ff8-50d3-dce39ecdff00%2Fthumbnail&w=96&q=75;
kt20,Marketing Freight Forwading,PT Nagoya Trans Logistik,Tidak ditampilkan,"Jakarta Barat, DKI Jakarta",Full Time,Kerja di kantor,Tidak ditampilkan,Minimal 2 Tahun,"Contract Negotiation, Compliance Supervision, Business Understanding, Analytical, Adaptability, Customs Procedure Understanding, Customs Arrangement",D3/D4,"Requirement:D3 or Bachelor's Degree in business or a related fieldMin 2 years experience as sales in Freight ForwardingExcellent command in spoken and written englishAble to speak mandarin will be considered a plusGood computer skillsExcellent negotiation, selling, and communication skillsTime management and organizational skillsHave a customer and shipper database is an advantageJob Description:Domestic/international, sea/air freight forwardingMake regular sales call or visiting for new potential account or existing accountWell maintain the existing customer and potential customers by updating them any change or new service and build a good relationship with the clientsBuilding up the customer databaseFinding and developing new markets and improving salesFollow-up quotations, sales leads, or any business inquiriesAchieve the company target ",https://kerja.kitalulus.com/id/lowongan/detail/marketing-freight-forwading-oz0p,/_next/image?url=https%3A%2F%2Fimagedelivery.net%2FzmT1bHITMC1AralJOt9_Vg%2Ffc3596d3-d5d0-4de1-4360-3e10579d7e00%2Fthumbnail&w=96&q=75;
kt21,Telemarketing Kota Yogyakarta,Warung Dana Group,Tidak ditampilkan,"Kabupaten Bantul, DI Yogyakarta",Full Time,Kerja di kantor,Rp 5.000.000,Tidak ada ketentuan,"Telesales, Keterampilan Komunikasi, Kerja Tim",SMA/SMK/Sederajat,Deskripsi pekerjaan1.       Mencapai target penjualan perusahaan melalui kegiatan marketing2.       Melakukan telemarketing untuk menawarkan produk3.       Mencari database baru melalui kegiatan canvassing4.       Melakukan visit ke Alamat calon customerPersyaratan1.       Laki-Laki / Perempuan Max 30 tahun2.       Minimal pendidikan SMA Sederajat3.       Memiliki semangat dan berorientasi pada target4.       Senang berbicara dengan orang lain5.       Memiliki HP Android dan sepeda motor,https://kerja.kitalulus.com/id/lowongan/detail/telemarketing-kota-yogyakarta-eyti,/_next/image?url=https%3A%2F%2Fimagedelivery.net%2FzmT1bHITMC1AralJOt9_Vg%2Fe80c8497-0a4d-46f5-f643-e51ce07fba00%2Fthumbnail&w=96&q=75;
kt22,Host Tiktok Shop & Shopee Live,PT Pets N Plants Indonesia,Tidak ditampilkan,"Kota Surabaya, Jawa Timur",Full Time,Kerja di kantor,Rp 6.000.000,Tidak ada ketentuan,"Live Broadcasting, B2C Marketing",SMA/SMK/Sederajat,"PetsNPlants.id mencari HOST TIKTOK SHOP/ SHOPEE LIVE untuk menjual produk-produk eksklusif kami.Pendapatan yang ditawarkan adalah dengan konsep bagi hasil 10% dari nilai penjualan>> Tidak ada gaji pokok.Jadi, semakin banyak penjualan, pendapatan akan semakin besar.Untuk yang berminat silakan WA Ivan - 081 2310 0679",https://kerja.kitalulus.com/id/lowongan/detail/host-tiktok-shop-shopee-live-mvc9,/_next/image?url=https%3A%2F%2Fimagedelivery.net%2FzmT1bHITMC1AralJOt9_Vg%2F26e333ba-04e3-4ed4-18c2-7c0deb595c00%2Fthumbnail&w=96&q=75;
kt23,Office Boy/Girl,Rey and Co Attorneys at Law Jakarta,Tidak ditampilkan,"Kota Tangerang Selatan, Banten",Full Time,Kerja di kantor,Rp 2.000.000,Minimal 1 Tahun,Keterampilan Komunikasi,SMA/SMK/Sederajat,"Kualifikasi :Usia minimal 20 Tahun, maksimal 40 tahunDiutamakan mempunyai pengalaman menjadi Office BoyBerdedikasi tinggi, tekun, disiplin, jujur & bertanggung jawabMemahami kebersihan kantor dengan baikDiutamakan berdomisili di daerah Jakarta Selatan dan Tangerang SelatanDiutamakan mempunyai kendaraan roda dua & memiliki SIM CJob desk :Memastikan semua kebutuhan teknis karyawan di kantor terpenuhi dengan baikMemastikan kebersihan perangkat dan ruang kerja karyawanMemastikan kebersihan lingkungan perusahaanMemastikan tugas yang diberikan terlaksana dengan baik",https://kerja.kitalulus.com/id/lowongan/detail/office-boygirl-7s6b,/_next/image?url=https%3A%2F%2Fstorage.googleapis.com%2Fneat-element-283712.appspot.com%2Fcompany%2Flogo%2F71315%2F20221028_JC1666761961482_FOTO.jpg&w=96&q=75;
kt24,Account Officer / Petugas Lapangan (Kota Semarang),Koperasi Syariah - KSPPS Nur Insani,Tidak ditampilkan,"Kota Semarang, Jawa Tengah",Full Time,Kerja di kantor,Rp 3.500.000,Tidak ada ketentuan,Adaptability,SMA/SMK/Sederajat,"PENEMPATAN:SEMARANG BARAT, MIJEN, TUGU, GUNUNG PATI, SEMARANG TIMUR, GENUK, TEMBALANG DAN PEDURUNGANFasilitas dan Benefit:Gaji PokokBPJS Kesehatan dan KetenagakerjaanTunjangan TransportTunjangan Hari RayaCuti TahunanMess / Tempat Tinggal KaryawanPengangkatan Karyawan Tetap (PKWTT)Jenjang Karir, dllJob Deskripsi:- Menjaga hubungan baik dengan anggota/nasabah- Melakukan kunjungan anggota- Melakukan survey calon anggota- Menambah prospek anggota baruJob requirements:Muslim/ahPendidikan minimal SMK se-derajatUsia maksimal 30 tahunMemiliki kendaraan roda dua (motor)Siap bergabung secepatnya",https://kerja.kitalulus.com/id/lowongan/detail/account-officer-petugas-lapangan-kota-semarang-aod5,/_next/image?url=https%3A%2F%2Fimagedelivery.net%2FzmT1bHITMC1AralJOt9_Vg%2Fef783598-b968-4290-4786-74cbc9ed4300%2Fthumbnail&w=96&q=75;
kt25,Credit Marketing Officer (Corporate) -  Bandung,PT Padma Raharja Sentosa,Tidak ditampilkan,"Kota Bandung, Jawa Barat",Full Time,Kerja di kantor,Rp 5.000.000,Tidak ada ketentuan,Business Communication,D3/D4,"Credit Marketing Officer - Corporate Benefit Program (CMO - CBP)Penempatan : BandungKualifikasi:Pendidikan minimal D3Memiliki pengalaman dibidang Sales / CMO / Dealership / Multifinance / B2BMemiliki kemampuan komunikasi, analisis, dan nengosiasi yg baikBerpenampilan MenarikTarget OrientedClear BI CheckingBenefit:Gaji Pokok dan InsetifBPJSJenjang Karir",https://kerja.kitalulus.com/id/lowongan/detail/credit-marketing-officer-corporate-bandung-gxau,/_next/image?url=https%3A%2F%2Fimagedelivery.net%2FzmT1bHITMC1AralJOt9_Vg%2Fcd162995-a202-449a-8e30-099e07355f00%2Fthumbnail&w=96&q=75;
kt26,Staf Optimalisasi Multiguna,BCA Multifinance,Tidak ditampilkan,"Kota Tangerang, Banten",Full Time,Kerja di kantor,Tidak ditampilkan,Tidak ada ketentuan,Computer Simulation,D3/D4, Melakukan aktifitas penjualan sesuai target serta menjalin relasi yang baik dengan dealer rekanan dan Nasabah. ,https://kerja.kitalulus.com/id/lowongan/detail/staf-optimalisasi-multiguna-lpq1,/_next/image?url=https%3A%2F%2Fimagedelivery.net%2FzmT1bHITMC1AralJOt9_Vg%2F6a2991ba-4e2c-4769-e7be-c0b1096c2a00%2Fthumbnail&w=96&q=75;
kt27,Admin Paruh Waktu Reward Total Rp30.000!,Kitalulus,Tidak ditampilkan,"Jakarta Barat, DKI Jakarta",Freelance,Kerja di rumah,Tidak ditampilkan,Tidak ada ketentuan,"Administrative Coordination, Administrative Support, Administration, Administrative Document Compilation",SMA/SMK/Sederajat,"Informasi umum pekerjaan :1. Bisa dikerjakan darimana saja
2. Bisa dikerjakan kapan saja
3. Setiap misi dikerjakan 1x.Dapatkan reward spesial untuk setiap misi yang berhasil dikerjakan, dengan klik lamar!",https://kerja.kitalulus.com/id/lowongan/detail/admin-paruh-waktu-reward-total-rp30000-lbvt,/_next/image?url=https%3A%2F%2Fimagedelivery.net%2FzmT1bHITMC1AralJOt9_Vg%2F355c32a7-dc1f-486c-b186-05309dc22c00%2Fthumbnail&w=96&q=75;
kt28,Admin Paruh Waktu Reward Total Rp30.000!,Kitalulus,Tidak ditampilkan,"Kota Malang, Jawa Timur",Freelance,Kerja di rumah,Tidak ditampilkan,Tidak ada ketentuan,"Administrative Staff Supervision, Administrative Coordination, Administration, Administrative Document Preparation",SMA/SMK/Sederajat,"Informasi umum pekerjaan : 1. Bisa dikerjakan darimana saja 2. Bisa dikerjakan kapan saja 3. Setiap misi dikerjakan 1x . Dapatkan reward spesial untuk setiap misi yang berhasil dikerjakan, dengan klik lamar!",https://kerja.kitalulus.com/id/lowongan/detail/admin-paruh-waktu-reward-total-rp30000-dflb,/_next/image?url=https%3A%2F%2Fimagedelivery.net%2FzmT1bHITMC1AralJOt9_Vg%2F355c32a7-dc1f-486c-b186-05309dc22c00%2Fthumbnail&w=96&q=75;
kt29,Security,CV. Sumber Rezeki,Tidak ditampilkan,"Kabupaten Bekasi, Jawa Barat",Full Time,Kerja di kantor,Tidak ditampilkan,Minimal 1 Tahun,Adaptability,SMA/SMK/Sederajat,"Kualifikasi : – Pria
– Usia min 22-45 thn
– Pendidikan minimal SMP
– Pengalaman min. 2 tahun dibidang yang sama
– Memiliki sertifikat Gada Pratama (wajib)
– Berdomisili Cikarang (diutamakan)Deskripsi Pekerjaan: – Menguasai tugas dan tanggung jawab security
– Memiliki komunikasi yang bagus
– Melakukan pengamanan terhadadap aset dan lingkungan
– Menjaga situasi aman dan kondusif – Membuat laporan harian",https://kerja.kitalulus.com/id/lowongan/detail/security-m7fu,/_next/image?url=https%3A%2F%2Fimagedelivery.net%2FzmT1bHITMC1AralJOt9_Vg%2Ff1807511-9fd1-488c-ab53-5a89a6cd5800%2Fthumbnail&w=96&q=75;
kt30,E-Commerce Specialist,PT Nicko Nusa Trade,Tidak ditampilkan,"Kota Surabaya, Jawa Timur",Kontrak,Kerja di kantor,Tidak ditampilkan,Minimal 2 Tahun,"Brand Development, Brand Management, Campaign Management, Analytical Thinking, Marketplace Management",S1,KualifikasiLulusan S1 dari segala jurusanMemiliki pengalaman minimal 2 tahun dalam bidang penjualan marketplace (shopee dan tokped)Memiliki kemampuan mengelola beberapa toko marketplace sekaligusMenguasai operasional berbagai platform marketplace Memahami teknik analisa penjualan marketplace (operasional dan ads) Menguasai aplikasi pengeditan foto dan videoMemiliki kemampuan komunikasi yang baikKreatif dan inovatif,https://kerja.kitalulus.com/id/lowongan/detail/marketplace-specialist-whtt,/_next/image?url=https%3A%2F%2Fimagedelivery.net%2FzmT1bHITMC1AralJOt9_Vg%2Ff3cb7648-d36b-42a9-cd84-edbb2c680e00%2Fthumbnail&w=96&q=75;
kt31,Sales Counter,Chery Pekanbaru,Tidak ditampilkan,"Kota Pekanbaru, Riau",Full Time,Kerja di kantor,Tidak ditampilkan,Tidak ada ketentuan,"Adaptability to Sales Needs, Body Language in Sales, Business Sales Development, Selling Skills, Solution Selling, Clear Speaking, Building Sales Networks, Answering Customer Questions, Analyzing Customer Needs, Building Customer Relationships, Assisting Customers, Social Media",SMA/SMK/Sederajat,"Kualifikasi :-Perempuan usia 18-27 tahun-Berpenampilan menarik-Tinggi badan minimal 158 cm-Lulusan minimal SMA/SMK/Sederajat -Memiliki komunikasi yang baik-Mempunyai networking/koneksi yang luas-Memiliki kemampuan negosiasi yang baik-Belum menikah -Kepribadian menyenangkan dan ramahBenefit :• TUNJANGAN GAJI • INSENTIF • BONUS • JENJANG KARIR • AWARD",https://kerja.kitalulus.com/id/lowongan/detail/sales-counter-48ui,/_next/image?url=https%3A%2F%2Fimagedelivery.net%2FzmT1bHITMC1AralJOt9_Vg%2F279820ae-e3f1-4e0f-d2a4-81d3ef1c2c00%2Fthumbnail&w=96&q=75;
kt32,TEKNISI MESIN PRODUKSI (Susu Mbok Darmi),Susu Mbok Darmi,Tidak ditampilkan,"Kota Bogor, Jawa Barat",Kontrak,Kerja di kantor,Rp 3.500.000,Minimal 1 Tahun,"Adaptability, Alarm System Maintenance, Attention to Detail, Building Electrical System Maintenance",SMA/SMK/Sederajat,"KUALIFIKASI :Minimal SMK Jurusan teknik elektromemiliki pemahaman mengenai mesin produksi Memiliki pemahaman maintenance mesinDiutamakan berpengalaman minimal 1 tahunDapat berkomunikasi dengan baikMemiliki sim CJujur, Disiplin dan Bertanggung JawabDESKRIPSI KERJA :Memastikan mesin siap pakai sebelum digunakanMelakukan service dan maintenance mesin secara berkalaMelakukan inventarisasi alat dan mesin ",https://kerja.kitalulus.com/id/lowongan/detail/teknisi-mesin-produksi-susu-mbok-darmi-k3k6,/_next/image?url=https%3A%2F%2Fimagedelivery.net%2FzmT1bHITMC1AralJOt9_Vg%2Fe28297dc-155b-4fc5-0592-92e8cf625f00%2Fthumbnail&w=96&q=75;
kt33,Stock Point Crew - Temanggung,Aksesmu Karir,Tidak ditampilkan,"Kabupaten Temanggung, Jawa Tengah",Full Time,Kerja di kantor,Tidak ditampilkan,Tidak ada ketentuan,"Driving Skills, Applied Mathematics, Retail Marketing",SMA/SMK/Sederajat,Aksesmu (PT Sumber Trijaya Lestari) adalah anak perusahaan dari Alfa Group yang bergerak di bidang distribusi ke UMKM melalui aplikasi Aksesmu.Tugas & Tanggung Jawab:Menerima barang masukMenyiapkan barang keluar Pengiriman barang ke Member AksesmuMenerima uang pembayaran Member AksesmuMengelola barangKualifikasi:Usia 18-32 tahunPend. min. SMA/SMK sederajatMampu mengendarai sepeda motor dan memiliki SIM CSudah melakukan vaksinasi Covid-19 min. dosis 2,https://kerja.kitalulus.com/id/lowongan/detail/stock-point-crew-bz2o,/_next/image?url=https%3A%2F%2Fimagedelivery.net%2FzmT1bHITMC1AralJOt9_Vg%2Fabc62d33-f309-4084-8f38-bc97600efa00%2Fthumbnail&w=96&q=75;
kt34,Guru Tempat Les Inggris Semarang,Double Decker Indonesia,Tidak ditampilkan,"Kota Semarang, Jawa Tengah",Full Time,Kerja di kantor,Tidak ditampilkan,Minimal 1 Tahun,"Maintaining Public Speaking Skills, Public Speaking Skills, English Language Teaching",Semua jenjang,"menyukai dunia anak-anakbisa bahasa inggris baik dan benarbisa mengajar anak-anakjujur, baik , disiplinbisa bekerja sama dengan team",https://kerja.kitalulus.com/id/lowongan/detail/guru-tempat-les-inggris-semarang-eiag,/_next/image?url=https%3A%2F%2Fimagedelivery.net%2FzmT1bHITMC1AralJOt9_Vg%2F04c7fb10-bd86-4ea5-fab0-e10971ad6f00%2Fthumbnail&w=96&q=75;
kt35,Video Editor,Canon Medicinae Indonesia (CMI Hospital),Tidak ditampilkan,"Kota Bandung, Jawa Barat",Full Time,Kerja di kantor,Rp 3.000.000,Minimal 1 Tahun,"Audio Video Editor, Editing Video, Editing Videos, Adobe Premiere, Adobe Photoshop, Canva, Editing Social Media",D3/D4,"Laki-laki/Perempuan -perempuan lebih diutamakanPendidikan minimal SMABerpengalaman /freshgraduateKomunikatif, kreatif dan inisiatifmenguasai program editing video, canva,adobe premiere, photoshop]bersedia di tempatkan di kota bandung",https://kerja.kitalulus.com/id/lowongan/detail/video-editor-d41b,/_next/image?url=https%3A%2F%2Fimagedelivery.net%2FzmT1bHITMC1AralJOt9_Vg%2Fc1b52259-8619-4757-e573-459660644700%2Fthumbnail&w=96&q=75;
kt36,Area Coordinator Surakarta,PT Mitra Kerja Utama,Tidak ditampilkan,"Kota Surakarta, Jawa Tengah",Full Time,Kerja di kantor,Rp 2.504.169,Minimal 1 Tahun,"B2B Sales Development, Communication Negotiation",S1,"KUALIFIKASI :Pendidikan D3/S1 segala jurusan dengan IPK Minimal 3.00.Lebih disukai berpengalaman sebagai sales (fresh graduate dipersilakan melamar).Komunikatif.Paham wilayah penempatan.Bersedia bekerja mobile.Penempatan sesuai domisili.Bersedia untuk penempatan di Biznet Branch Surakarta Sondakan.DESKRIPSI PEKERJAAN :Menjualkan produk sesuai target.Mengembangkan kerjasama properti atau area majemuk RT/RW untuk menaikkan angka penetrasi homepass.Melakukan kegiatan branding berupa : (tiang banner, t-banner, spanduk, free hotspot, dll).Melakukan kegiatan marketing dalam area teritori guna menaikkan angka subscriber.Bekerjasama dengan pihak eksternal untuk kegiatan event dan komunitas.Menjaga angka terminasi.Semua proses rekrutmen akan dilakukan secara online dan akan dihubungi via telepon/whatsapp.",https://kerja.kitalulus.com/id/lowongan/detail/area-coordinator-surakarta-s7rz,/_next/image?url=https%3A%2F%2Fstorage.googleapis.com%2Fneat-element-283712.appspot.com%2Fcompany%2Flogo%2F2867%2F20220918_JCDI4MQ2FH8B_mku.jpg&w=96&q=75;
kt37,Kepala Pabrik,PT Raja Jeva Nisi,Tidak ditampilkan,"Kabupaten Karawang, Jawa Barat",Full Time,Kerja di kantor,Tidak ditampilkan,Minimal 2 Tahun,"Manufacturing, Managerial Skill Development, Managerial Skills, Managerial, Adaptability, Adaptability to Change, Agile Production Management, Administrative Management, Analytical Skills",S1,"KEPALA PABRIKSenang Melakukan Analisa dan membuat perencanaan . Mampu Mengkoordinasikan team dengan jumlah besar? Dan Senang bekerja dengan target Produksi?Bergabunglah bersama kami Perusahaan Pengolahan Daging Ayam jika anda:• Berpengalaman memimpin Pabrik dengan karyawan minimal 500 orang• Berpengalaman di Perusahaan Manufaktur AsingDi Perusahaan kami, kami percaya suasana yang KEKELUARGAAN & FUN, akan membuat anda bekerja lebih optimal. Namun kami serius untuk SUKSESJika Anda tidak ingin sekedar bekerja, namun juga belajar bersama di Sekolah Kehidupan ini, kami tunggu CV Anda!Kualifikasi:Pendidikan minimal S1 diutamakan Jurusan Teknik IndustriBerpengalaman di Industri Manufaktur minimal 2 tahun ( PMA)Kemampuan membuat dan menganalisa laporan produksiMenguasai Production Planning and Inventory Control (PPIC)Memiliki inisiatif dan kemampuan LeadershipBenefits:Mendapatkan Insentif KehadiranMendapatkan Uang MakanAda Fasilitas Mess",https://kerja.kitalulus.com/id/lowongan/detail/kepala-pabrik-05kr,/_next/image?url=https%3A%2F%2Fimagedelivery.net%2FzmT1bHITMC1AralJOt9_Vg%2Fdb77e773-46be-41ba-302c-6f061d187500%2Fthumbnail&w=96&q=75;
kt38,Terapis kesehatan ( Jordan ),Nakamura Holistic Therapy,Tidak ditampilkan,"Kota Malang, Jawa Timur",Full Time,Kerja di kantor,Rp 2.800.000,Tidak ada ketentuan,"Acupressure, Aromatherapy Massage",SMA/SMK/Sederajat,"Nakamura Holistic Therapy adalah pusat layanan terapi kesehatan tradisional dengan teknik akupresur, terapi zona dan seitai, yang tersebar di seluruh Indonesia, peraih penghargaan dari Kementerian Ketenagakerjaan RI atas upaya Penghormatan, Pemajuan, dan Pemenuhan hak penyandang Disabilitas di tempat kerja tahun 2017 dan Finalis Perusahaan Waralaba Terbaik Nasional 2017 oleh Kementerian Perdagangan RILowongan Pekerjaan 100% diterima. Pengalaman tidak diutamakan.Posisi: TERAPIS KESEHATANPersyaratan: Wanita Dan pria   Usia maksimal 30 tahun Segala jenjang pendidikan dan jurusan Bersedia mengikuti pelatihan (biaya pelatihan GRATIS)Fasilitas selama training:
Makan 3x sehari
Mess / asrama
Seragam dan buku diktatFasilitas selama kerja:
Mess / asrama
BPJS Tempat kerja nyaman dan ber-AC
Pendapatan menarik + uang tips Biaya transport ke kota penempatan kerja 100% dari perusahaan.Bagi yang berminat silakan hubungi contact person di bawah ini:
Wa: 082141991054 (Jordan)",https://kerja.kitalulus.com/id/lowongan/detail/terapis-kesehatan-jordan-cwzn,/_next/image?url=https%3A%2F%2Fimagedelivery.net%2FzmT1bHITMC1AralJOt9_Vg%2F7c0ee143-a024-43b5-0811-f96aac021e00%2Fthumbnail&w=96&q=75;
kt39,IT JUNIOR ENGINEER,PT Satnetcom Balikpapan,Tidak ditampilkan,"Kota Balikpapan, Kalimantan Timur",Kontrak,Kerja di lapangan,Tidak ditampilkan,Minimal 1 Tahun,"Router Network Troubleshooting, Subnetting Configuration, Network Topology",SMA/SMK/Sederajat,"Usia max. 30 tahun.D3/S1 Teknik Informatika / Teknik Electronic ( Arus Lemah)SMK dengan pengalaman yang relevan.Pengetahuan yang baik tentang jaringan komputer kabel dan nirkabelPengalaman CCTV dan GPS Tracking lebih disukai.Mampu mengimplementasikan sistem dan aplikasi jaringan,Kemampuan komunikasi yang baik,Memiliki SIM A lebih disukaiBersedia bekerja di lokasi tambang, ( Remote Site )Bersedia ditempakan di manapun area kerja perusahaan .",https://kerja.kitalulus.com/id/lowongan/detail/it-junior-engineer-ulai,/_next/image?url=https%3A%2F%2Fimagedelivery.net%2FzmT1bHITMC1AralJOt9_Vg%2F9d44ce67-6c18-4d8d-b2b0-a2e1a0995900%2Fthumbnail&w=96&q=75;
kt40,Staf Marketing (Penempatan : Boyolali),BCA Multifinance,Tidak ditampilkan,"Kabupaten Boyolali, Jawa Tengah",Full Time,Kerja di lapangan,Tidak ditampilkan,Tidak ada ketentuan,Komunikasi Efektif,SMA/SMK/Sederajat,Deskripsi Pekerjaan :Melakukan aktifitas penjualan sesuai target serta menjalin relasi yang baik dengan dealer rekanan dan Nasabah.Kualifikasi :Diutamakan Fresh Graduate UsiaMaksimal 27 tahun Pendidikan minimal SMA/SMKBisa mengendarai kendaraan roda dua dan memiliki SIM CBerpenampilan menarikMenyukai pekerjaan lapanganMampu bekerja dengan target Memiliki kemampuan komunikasi yang baik,https://kerja.kitalulus.com/id/lowongan/detail/staf-marketing-penempatan-boyolali-gyk3,/_next/image?url=https%3A%2F%2Fimagedelivery.net%2FzmT1bHITMC1AralJOt9_Vg%2F6a2991ba-4e2c-4769-e7be-c0b1096c2a00%2Fthumbnail&w=96&q=75;
kt41,"Pengajar Fulltime Fisika, Kimia, dan Biologi (Edulab Madiun)",PT Kreasi Edulab Indonesia,Tidak ditampilkan,"Kota Madiun, Jawa Timur",Full Time,Kerja di kantor,Rp 3.000.000,Minimal 1 Tahun,"Effective Teaching, Interactive Teaching, Academic Counseling, Career Counseling, Active Communication",S1,Deskripsi pekerjaan : Melakukan Pengajaran atau Pemahaman kepada siswa-siswi Melakukan Perwalian atau Pelayanan Konsultasi kepada siswa-siswi Melakukan administrasi pengajaran dan perwalian Wajib mengikuti kegiatan yang diselenggarakan Edulab seperti Training dan Coaching Kualifikasi : S1 dari Jurusan Linear dari PTN dengan IPK minimal 3.25 Berpengalaman mengajar dan menguasai materi pelajaran SMA dan SNBT Memiliki kemampuan komunikasi yang baik Menguasai mata pelajaran yang dilamar Berkomitmen menyelesaikan kontrak Mahasiswa semester akhir dipersilahkan melamar,https://kerja.kitalulus.com/id/lowongan/detail/pengajar-fulltime-matematika-fisika-kimia-dan-b-eyry,/_next/image?url=https%3A%2F%2Fimagedelivery.net%2FzmT1bHITMC1AralJOt9_Vg%2Fc94ca0b8-bd37-46df-a7bd-5b435e2ad200%2Fthumbnail&w=96&q=75;
kt42,Staf Marketing KSM (Penempatan : Pekalongan),BCA Multifinance,Tidak ditampilkan,"Kabupaten Pekalongan, Jawa Tengah",Kontrak,Kerja di lapangan,Tidak ditampilkan,Tidak ada ketentuan,Communication Negotiation,D3/D4,Melakukan aktivitas penjualan sesuai target serta menjalin relasi yang baik dengan dealer rekanan dan Nasabah BCA Multifinance,https://kerja.kitalulus.com/id/lowongan/detail/staf-marketing-fohc,/_next/image?url=https%3A%2F%2Fimagedelivery.net%2FzmT1bHITMC1AralJOt9_Vg%2F6a2991ba-4e2c-4769-e7be-c0b1096c2a00%2Fthumbnail&w=96&q=75;
kt43,BACK OFFICE / ADMINT KHUSUS WANITA (penempatan FIFGROUP ASTRA kota bogor),PT Swakarya Insan Mandiri,Tidak ditampilkan,"Kota Bogor, Jawa Barat",Full Time,Kerja di kantor,Tidak ditampilkan,Tidak ada ketentuan,Administration,D3/D4,"KUALIFKASI :WANITA, USIA MAKSIMAL 28 TAHUNBERPENAMPILAN MENARIKMINIMAL LULUSAN D3/S1PENGALAMAN / NONPENGALAMANFRESH GRADUATE DIPERSILAHKANPENEMPATAN FIFGROUP CENTRAL BOGOR",https://kerja.kitalulus.com/id/lowongan/detail/back-office-admint-khusus-wanita-penempatan-fif-kk8v,/_next/image?url=https%3A%2F%2Fimagedelivery.net%2FzmT1bHITMC1AralJOt9_Vg%2F7879fa65-f184-40a5-99aa-c9c5608ada00%2Fthumbnail&w=96&q=75;
kt44,Sales Promotion Girl (Gadget),PT Dutagriya Sarana,Tidak ditampilkan,"Kota Tangerang Selatan, Banten",Kontrak,Kerja di kantor,Tidak ditampilkan,Minimal 1 Tahun,B2C Sales Development,SMA/SMK/Sederajat,"Kualifikasi:Pendidikan minimal SMA/SMK dan sederajatMemiliki pengalaman sebagai Sales, diutamakan sales gadget Memiliki komunikasi yang baik Terbiasa dengan target Penempatan Summarecon Mall Serpong",https://kerja.kitalulus.com/id/lowongan/detail/sales-promotion-girl-gadget-auvg,/_next/image?url=https%3A%2F%2Fimagedelivery.net%2FzmT1bHITMC1AralJOt9_Vg%2Fe2828ecc-b6a7-403e-8af6-4737e5930700%2Fthumbnail&w=96&q=75;
kt45,HOUSEKEEPER DAN CLEANING SERVICE JAKARTA,PT Royal D'Paragon Land,Tidak ditampilkan,"Jakarta Pusat, DKI Jakarta",Full Time,Kerja di kantor,Tidak ditampilkan,Tidak ada ketentuan,Cleaning Tools,SMA/SMK/Sederajat,"JOBDESC: Membersihkan seluruh area Public dan Kamar. Membuang sampah dan mencuci tempat sampah.Melaporkan segala kerusakan,kehilangan,kejadian yang tidak semestinya kepada atasan.Membantu untuk pembersihan kamar check out harian.Membantu proses Chekin dan Chekout tamu KUALIFIKASI: Pendidikan min. SMA/K Usia Min. 30 Tahun Dapat Langsung bekerja Sudah Vaksin min. Booster 3 Berpengalaman sebagai Cleaning Service dan Housekeeping menjadi nilai tambah Memiliki kendaraan pribadi menjadi nilai tambah Penempatan di area Kebon Jeruk, Cideng, Slipi, Menteng ",https://kerja.kitalulus.com/id/lowongan/detail/housekeeper-dan-cleaning-service-jakarta-5qmc,/_next/image?url=https%3A%2F%2Fimagedelivery.net%2FzmT1bHITMC1AralJOt9_Vg%2F4c9c9d29-68f1-449f-2d04-5372a677b300%2Fthumbnail&w=96&q=75;
kt46,"Admin Paruh Waktu, Freelance (WFH)",Kitalulus,Tidak ditampilkan,"Kota Semarang, Jawa Tengah",Freelance,Kerja di rumah,Tidak ditampilkan,Tidak ada ketentuan,"Administration, Administrative Document Compilation, Administrative File Compilation",SMA/SMK/Sederajat,Informasi umum pekerjaan :1. Bisa dikerjakan darimana saja2. Bisa dikerjakan kapan saja 3. Setiap misi dikerjakan 1x Dapatkan reward spesial untuk setiap misi yang berhasil dikerjakan,https://kerja.kitalulus.com/id/lowongan/detail/admin-paruh-waktu-freelancewfh-48na,/_next/image?url=https%3A%2F%2Fimagedelivery.net%2FzmT1bHITMC1AralJOt9_Vg%2F355c32a7-dc1f-486c-b186-05309dc22c00%2Fthumbnail&w=96&q=75;
kt47,Admin Paruh Waktu Reward Rp95.000,Kitalulus,Tidak ditampilkan,"Jakarta Selatan, DKI Jakarta",Freelance,Kerja di rumah,Tidak ditampilkan,Tidak ada ketentuan,"Administrative Document Compilation, Administration, Administrative Management",SMA/SMK/Sederajat,Informasi umum pekerjaan :Bisa dikerjakan darimana sajaBisa dikerjakan kapan sajaSetiap Misi dikerjakan 1xDapatkan reward spesial untuk setiap misi yang berhasil dikerjakan,https://kerja.kitalulus.com/id/lowongan/detail/admin-paruh-waktu-reward-rp95000-xccv,/_next/image?url=https%3A%2F%2Fimagedelivery.net%2FzmT1bHITMC1AralJOt9_Vg%2F355c32a7-dc1f-486c-b186-05309dc22c00%2Fthumbnail&w=96&q=75;
kt48,Training Center Support,PT Waroeng Steak Indonesia,Tidak ditampilkan,"Kabupaten Sleman, DI Yogyakarta",Full Time,Kerja di kantor,Tidak ditampilkan,Tidak ada ketentuan,"Classroom Management, Analysis, Communication, Adaptability, Creativity Development, Development of Teaching Materials, Digital Teaching Material Development",D3/D4,"Tugas dan Tanggung JawabMengidentifikasi kebutuhan pelatihan untuk karyawanMenyusun modul pelatihanMelakukan Evaluasi terhadap efektivitas pelatihan.Membuat desain presentasi dan konten pembelajaran yang menarikMembuat atau membangun pelatihan berdasarkan tujuan perusahaanKualifikasiLaki-laki maks. 27 TahunPendidikan min. D3Memiliki attitude yang baikKemampuan komunikasi yang baikPekerja keras dan suka belajar hal baruDapat menyusun program pelatihan dan modul pelatihanDapat mengoperasikan Microsoft Office (Word, Excel dan PowerPoint)Bisa Web Design (Nilai Tambah)",https://kerja.kitalulus.com/id/lowongan/detail/training-center-support-x4qw,/_next/image?url=https%3A%2F%2Fimagedelivery.net%2FzmT1bHITMC1AralJOt9_Vg%2F39d4b13a-4ecf-4b2c-f872-874ecf19eb00%2Fthumbnail&w=96&q=75;
kt49,Sales Generalis (Branch Sukamara - Kalimantan Tengah),PT Bumi Daya Plaza,Tidak ditampilkan,"Kabupaten Sukamara, Kalimantan Tengah",Kontrak,Kerja di kantor,Tidak ditampilkan,Tidak ada ketentuan,"Adaptability to Sales Needs, Active Communication, Communication Negotiation",D3/D4,"Kualifikasi :Pria/WanitaUsia maksimal 30 tahunPendidikan min. D3Memiliki pengalaman di bidang Marketing min. 1 tahunBerpenampilan menarik, komunikatif, ramah dan inovatifMemiliki skill negosiasi yang baikDiutamakan domisili Sukamara, Kalimantan TengahBersedia ditempatkan di Mitra Kerja PT. Bumi Daya Plaza (Bank Mandiri Persero - Branch Sukamara)",https://kerja.kitalulus.com/id/lowongan/detail/sales-generalis-branch-sukamara-ijqm,/_next/image?url=https%3A%2F%2Fimagedelivery.net%2FzmT1bHITMC1AralJOt9_Vg%2Ff55cb4f2-605c-4faf-f8cc-69a7eafb6700%2Fthumbnail&w=96&q=75;
kt50,Kurir (Medan Selayang),PT Cipar Sukses Bersama,Tidak ditampilkan,"Kota Medan, Sumatra Utara",Full Time,Kerja di lapangan,Rp 3.000.000,Tidak ada ketentuan,Motor,SMA/SMK/Sederajat,"-Usia minimal 18 tahun, usia maksimal 40 tahun (kurir motor), 45 tahun
-Pendidikan minimal SMP
-Memiliki kendaraan pribadi (Motor)
-Memiliki SIM C (Motor)
-Memiliki STNK dan pajak kendaraan aktif
-Menguasai area atau wilayah yang akan ditempatkan
-Memiliki HP android (minimal 3 GB)",https://kerja.kitalulus.com/id/lowongan/detail/kurir-medan-selayang-k8uq,/_next/image?url=https%3A%2F%2Fimagedelivery.net%2FzmT1bHITMC1AralJOt9_Vg%2Ffc0f14c9-ba5c-4034-c913-6a6ca2a8b000%2Fthumbnail&w=96&q=75;
kt51,"Bancassurance Financial Advisor Jakarta 2 (Jak Selatan, Bogor, Depok, Bekasi, Karawang)",BRI Life Indonesia,Tidak ditampilkan,"Jakarta Selatan, DKI Jakarta",Full Time,Kerja di kantor,Rp 6.000.000,Minimal 1 Tahun,,SMA/SMK/Sederajat,,https://kerja.kitalulus.com/id/lowongan/detail/bancassurance-financial-advisor-depok-hz2o,/_next/image?url=https%3A%2F%2Fimagedelivery.net%2FzmT1bHITMC1AralJOt9_Vg%2F65c39090-80aa-4ad6-85bc-ccfa72346700%2Fthumbnail&w=96&q=75;
kt52,"penjaga toko, waiters dan kasir",Toko Kue Sara,Tidak ditampilkan,"Kota Malang, Jawa Timur",Full Time,Kerja di kantor,Tidak ditampilkan,Minimal 1 Tahun,Food and Beverage Service Arrangement in Restaurant,SMP/MTS/Sederajat,"DISIPLIN, JUJUR, SOPAN, PEKERJA KERAS DAN TANGGUNG JAWAB",https://kerja.kitalulus.com/id/lowongan/detail/penjaga-toko-waiters-dan-kasir-8rpd,/_next/image?url=https%3A%2F%2Fimagedelivery.net%2FzmT1bHITMC1AralJOt9_Vg%2Fb4110c54-8d92-47a7-29c4-60fddcec9800%2Fthumbnail&w=96&q=75;
kt53,"Bancassurance Financial Advisor Regional Yogyakarta (DI Yogyakarta, Solo, Purwokerto dan sekitarnya)",BRI Life Indonesia,Tidak ditampilkan,"Kota Yogyakarta, DI Yogyakarta",Full Time,Kerja di kantor,Rp 3.950.000,Tidak ada ketentuan,,SMA/SMK/Sederajat,,https://kerja.kitalulus.com/id/lowongan/detail/bancassurance-financial-advisor-regional-yogyakart-h4kc,/_next/image?url=https%3A%2F%2Fimagedelivery.net%2FzmT1bHITMC1AralJOt9_Vg%2F65c39090-80aa-4ad6-85bc-ccfa72346700%2Fthumbnail&w=96&q=75;
kt54,Staf IT,PT Bumi Daya Plaza,Tidak ditampilkan,"Jakarta Selatan, DKI Jakarta",Full Time,Kerja di kantor,Tidak ditampilkan,Tidak ada ketentuan,"SQL Programming, SQL Query, SQL Database Problem Solving, Windows Server, Embedded Linux Programming, JavaFX GUI Programming, Microsoft Office Operation, Laravel, Android Design",S1,"Kualifikasi : Pria/ Wanita Wajib lulusan S1 Teknik Informatika, Sistem Informasi, atau Komputer Usia maksimal 27 tahun Fresh Graduate dipersilahkan Memiliki pengalaman dibidang yang sama Memiliki skill dibidang IT (pemograman, database, OS) Memiliki laptop pribadi yang bisa digunakan untuk kerja Bersedia ditempatkan di Mitra Kerja PT. Bumi Daya Plaza ",https://kerja.kitalulus.com/id/lowongan/detail/staf-it-ot6e,/_next/image?url=https%3A%2F%2Fimagedelivery.net%2FzmT1bHITMC1AralJOt9_Vg%2Ff55cb4f2-605c-4faf-f8cc-69a7eafb6700%2Fthumbnail&w=96&q=75;
kt55,Telesales/ Telemarketing (Perbankan),PT Bumi Daya Plaza,Tidak ditampilkan,"Jakarta Selatan, DKI Jakarta",Kontrak,Kerja di kantor,Tidak ditampilkan,Tidak ada ketentuan,"Adaptability to Sales Needs, Active Communication, Communication Negotiation",D3/D4,"Kualifikasi :Pria/ WanitaUsia maksimal 30 tahunMinimal lulusan D3 atau S1Berpengalaman dibidang yang sama (telemarketing, sales)Memiliki skill negosiasi dengan baik & KomunikatifBersedia join segera jika diterimaDiutamakan domisili JabodetabekBersedia ditempatkan di mitra kerja PT. Bumi Daya Plaza (Bank Mandiri Persero - Menara Mandiri Jakarta)",https://kerja.kitalulus.com/id/lowongan/detail/telesales-telemarketing-2axx,/_next/image?url=https%3A%2F%2Fimagedelivery.net%2FzmT1bHITMC1AralJOt9_Vg%2Ff55cb4f2-605c-4faf-f8cc-69a7eafb6700%2Fthumbnail&w=96&q=75;
kt56,Business Officer (Pacitan),PT Bina Artha Ventura,Tidak ditampilkan,"Kabupaten Pacitan, Jawa Timur",Full Time,Kerja di kantor,Rp 2.700.000,Tidak ada ketentuan,"Banking Marketing, Active Communication, Business Negotiation",D3/D4,"Job Description : - Business Officer (BO) merupakan petugas lapangan untuk produk Individual landing/Pembiayaan Perorangan yang bertugas untuk membina hubungan baik dengan mitra, mencari prospek calon mitra baru, melakukan survey kelayakan mitra, memproses berkas aplikasi, monitoring kegiatan usaha mitra, hingga melakukan penagihan jika terjadi tunggakan angsuran Kualifikasi : - Pria/Wanita - Pendidikan D3 : usia maks. 30 tahun - Pendidikan D3/S1 : usia maks. 32 tahun - Komunikatif dan mampu menggunakan bahasa lokal - Lebih disukai pengalaman di bidang leasing/koperasi/bank - Memiliki SIM C dan Motor - Vaksin covid min dosis 2",https://kerja.kitalulus.com/id/lowongan/detail/business-officer-pacitan-yxj4,"data:image/gif;base64,R0lGODlhAQABAIAAAAAAAP///yH5BAEAAAAALAAAAAABAAEAAAIBRAA7;"
kt57,KOLEKTOR MOTOR - BONTANG,PT Mega Central Finance,Tidak ditampilkan,"Kota Bontang, Kalimantan Timur",Kontrak,Kerja di lapangan,Tidak ditampilkan,Minimal 1 Tahun,"Handling Pressure, Communication Negotiation, Field Data Collection, Debt Collection Process",D3/D4,"Deskripsi PekerjaanMelakukan aktifitas penagihan angsuran ke konsumen dan membantu konsumen untuk memproses penyelesaian angsuran yang tertunggak Kualifikasi :Usia maksimal 37 tahunPengalaman minimal 1 tahunLulusan D3 & S1Lulusan baru atau memiliki pengalaman dibidangnya di perusahaan pembiayaan kendaraan bermotorMemiliki sepeda motor dan SIM C (Wajib)Ketertarikan pada pekerjaan di lapangan dan penagihan angsuran konsumenDisiplin, Jujur, Tatakrama yang baik dan Tidak mudah mengeluhBerorientasi pada targetPENEMPATAN : Jl. Ahmad Yani RT. 03 Kel. Api-Api Kec Bontang Utara, (Depan Perdana Elektronik, Samping Unit BRI ), VIPI 21901/21902",https://kerja.kitalulus.com/id/lowongan/detail/kolektor-motor-bontang-dww5,/_next/image?url=https%3A%2F%2Fimagedelivery.net%2FzmT1bHITMC1AralJOt9_Vg%2F69b414f9-16e1-4d59-b107-3aac0e47cb00%2Fthumbnail&w=96&q=75;
kt58,TUTOR MATEMATIKA ( KELAS 11 PRIVAT ),Radian Edu Solution,Tidak ditampilkan,"Jakarta Selatan, DKI Jakarta",Freelance,Kerja di kantor / rumah,Rp 3.000.000,Minimal 1 Tahun,"Keterampilan Komunikasi, Detail Orientation",D3/D4,"Persyaratan : - Pendidikan minimal Semester 4 PTN- Diutamakan Lulusan S1 - Berpenampilan Rapi - Komunikatif dan memiliki teknik delivery mengajar yang baik (Fun Learning) - Menguasai materi mata pelajaran yang akan diampu dengan baik- Komitmen dengan waktu (Tidak telat)- Jujur - Percaya diri - DAPAT mengajar dari tingkatan SMA/UTBK/Ujian Mandiri - Penempatan seluruh indonesia sesuai alamat domisiliTugas dan tanggung jawab:- Mempersiapkan dan menguasai bahan mengajar - Mengajar siswa sesuai dengan mata pelajaran dan jadwal yang telah ditentukan- Mampu meningkatkan minat siswa terhadap pelajaran - Mampu mendiagnosa kesulitan siswa sehingga dapat ,membimbing untuk meningkatkan performance siswa dalam belajar - Membuat laporan evaluasi dan administrasi pembelajaran",https://kerja.kitalulus.com/id/lowongan/detail/tutor-matematika-kelas-11-privat-kzcx,"data:image/gif;base64,R0lGODlhAQABAIAAAAAAAP///yH5BAEAAAAALAAAAAABAAEAAAIBRAA7;"
kt59,KOLEKTOR MOTOR - POS SANGATTA,PT Mega Central Finance,Tidak ditampilkan,"Kabupaten Kutai Timur, Kalimantan Timur",Kontrak,Kerja di lapangan,Tidak ditampilkan,Minimal 1 Tahun,"Debt Collection Process, Handling Pressure",D3/D4,"Deskripsi PekerjaanMelakukan aktifitas penagihan angsuran ke konsumen dan membantu konsumen untuk memproses penyelesaian angsuran yang tertunggak Kualifikasi :Usia maksimal 37 tahunPengalaman minimal 1 tahunLulusan D3 & S1Lulusan baru atau memiliki pengalaman dibidangnya di perusahaan pembiayaan kendaraan bermotorMemiliki sepeda motor dan SIM C (Wajib)Ketertarikan pada pekerjaan di lapangan dan penagihan angsuran konsumenDisiplin, Jujur, Tatakrama yang baik dan Tidak mudah mengeluhBerorientasi pada targetPENEMPATAN : Jl. Jendral sudirman RT. 13 dusun singga karti kel. sangatta utara (depan satlantas polres kutai timur)",https://kerja.kitalulus.com/id/lowongan/detail/kolektor-motor-pos-sangatta-j9ey,/_next/image?url=https%3A%2F%2Fimagedelivery.net%2FzmT1bHITMC1AralJOt9_Vg%2F69b414f9-16e1-4d59-b107-3aac0e47cb00%2Fthumbnail&w=96&q=75;
