Links,Company,Job_title,Location
https://www.loker.id/https://www.loker.id/profile/lembongan-surf-spa,,,
https://www.loker.id/https://www.loker.id/kecantikan/terapi-spa/terapis-spa-lembongan-surf-spa-bali.html,"
 LEMBONGAN SURF SPA
",Lowongan Kerja Terapis Spa,LEMBONGAN SURF SPA
https://www.loker.id/https://www.loker.id/kecantikan/terapi-spa/terapis-spa-lembongan-surf-spa-bali.html,"
 LEMBONGAN SURF SPA
",Lowongan Kerja Terapis Spa,LEMBONGAN SURF SPA
https://www.loker.id/#,,,
https://www.loker.id/https://www.loker.id/profile/kaya-digital-internasional,,,
https://www.loker.id/https://www.loker.id/akuntansi-keuangan/akuntansi-umum-pembiayaan/finance-staff-kaya-digital-internasional-jakarta-selatan.html,"
 KAYA DIGITAL INTERNASIONAL
",Lowongan Kerja Finance Staff,KAYA DIGITAL INTERNASIONAL
https://www.loker.id/https://www.loker.id/akuntansi-keuangan/akuntansi-umum-pembiayaan/finance-staff-kaya-digital-internasional-jakarta-selatan.html,"
 KAYA DIGITAL INTERNASIONAL
",Lowongan Kerja Finance Staff,KAYA DIGITAL INTERNASIONAL
https://www.loker.id/#,,,
https://www.loker.id/https://www.loker.id/profile/pt-food-station-tjipinang-jaya-5,,,
https://www.loker.id/https://www.loker.id/customer-care/relationship-officer/customer-relation-pt-food-station-tjipinang-jaya-jakarta-timur.html,"
 PT Food Station Tjipinang Jaya
",Lowongan Kerja Customer Relation,PT Food Station Tjipinang Jaya
https://www.loker.id/https://www.loker.id/customer-care/relationship-officer/customer-relation-pt-food-station-tjipinang-jaya-jakarta-timur.html,"
 PT Food Station Tjipinang Jaya
",Lowongan Kerja Customer Relation,PT Food Station Tjipinang Jaya
https://www.loker.id/#,,,
https://www.loker.id/https://www.loker.id/profile/pt-shield-on-service-tbk-2,,,
https://www.loker.id/https://www.loker.id/penjualan-pemasaran/sales-specialist/sales-executive-bakery-pt-shield-on-service-tbk-bandung-kota.html,"
 PT. Shield On Service Tbk
",Lowongan Kerja Sales Executive Bakery,PT. Shield On Service Tbk
https://www.loker.id/https://www.loker.id/penjualan-pemasaran/sales-specialist/sales-executive-bakery-pt-shield-on-service-tbk-bandung-kota.html,"
 PT. Shield On Service Tbk
",Lowongan Kerja Sales Executive Bakery,PT. Shield On Service Tbk
https://www.loker.id/#,,,
https://www.loker.id/https://www.loker.id/profile/kaya-digital-internasional,,,
https://www.loker.id/https://www.loker.id/customer-care/customer-service/customer-service-leader-kaya-digital-internasional-jakarta-selatan.html,"
 KAYA DIGITAL INTERNASIONAL
",Lowongan Kerja Customer Service Leader,KAYA DIGITAL INTERNASIONAL
https://www.loker.id/https://www.loker.id/customer-care/customer-service/customer-service-leader-kaya-digital-internasional-jakarta-selatan.html,"
 KAYA DIGITAL INTERNASIONAL
",Lowongan Kerja Customer Service Leader,KAYA DIGITAL INTERNASIONAL
https://www.loker.id/#,,,
https://www.loker.id/https://www.loker.id/profile/kaya-digital-internasional,,,
https://www.loker.id/https://www.loker.id/customer-care/customer-service/customer-service-staff-kaya-digital-internasional-jakarta-selatan.html,"
 KAYA DIGITAL INTERNASIONAL
",Lowongan Kerja Customer Service Staff,KAYA DIGITAL INTERNASIONAL
https://www.loker.id/https://www.loker.id/customer-care/customer-service/customer-service-staff-kaya-digital-internasional-jakarta-selatan.html,"
 KAYA DIGITAL INTERNASIONAL
",Lowongan Kerja Customer Service Staff,KAYA DIGITAL INTERNASIONAL
https://www.loker.id/#,,,
https://www.loker.id/https://www.loker.id/profile/pt-sumber-sejahtera-audiotama-venom-auto-garage,,,
https://www.loker.id/https://www.loker.id/transportation-logistics/purchasing-pembelian/purchasing-staff-pt-sumber-sejahtera-audiotama-venom-auto-garage-jakarta-utara.html,"
 PT. Sumber Sejahtera Audiotama - VENOM AUTO GARAGE
",Lowongan Kerja Purchasing Staff,PT. Sumber Sejahtera Audiotama - VENOM AUTO GARAGE
https://www.loker.id/https://www.loker.id/transportation-logistics/purchasing-pembelian/purchasing-staff-pt-sumber-sejahtera-audiotama-venom-auto-garage-jakarta-utara.html,"
 PT. Sumber Sejahtera Audiotama - VENOM AUTO GARAGE
",Lowongan Kerja Purchasing Staff,PT. Sumber Sejahtera Audiotama - VENOM AUTO GARAGE
https://www.loker.id/#,,,
https://www.loker.id/https://www.loker.id/profile/pt-sevenson-cosmo-property,,,
https://www.loker.id/https://www.loker.id/konstruksi-dan-bangunan/manajemen-proyek/project-manager-pt-sevenson-cosmo-property-semarang.html,"
 PT SEVENSON COSMO PROPERTY
",Lowongan Kerja Project Manager,PT SEVENSON COSMO PROPERTY
https://www.loker.id/https://www.loker.id/konstruksi-dan-bangunan/manajemen-proyek/project-manager-pt-sevenson-cosmo-property-semarang.html,"
 PT SEVENSON COSMO PROPERTY
",Lowongan Kerja Project Manager,PT SEVENSON COSMO PROPERTY
https://www.loker.id/#,,,
https://www.loker.id/https://www.loker.id/profile/cv-dharma-jakti,,,
https://www.loker.id/https://www.loker.id/penjualan-pemasaran/marketing-specialist/marketing-cv-dharma-jakti-denpasar.html,"
 CV. DHARMA JAKTI
",Lowongan Kerja Marketing,CV. DHARMA JAKTI
https://www.loker.id/https://www.loker.id/penjualan-pemasaran/marketing-specialist/marketing-cv-dharma-jakti-denpasar.html,"
 CV. DHARMA JAKTI
",Lowongan Kerja Marketing,CV. DHARMA JAKTI
https://www.loker.id/#,,,
https://www.loker.id/https://www.loker.id/cari-lowongan-kerja/page/2?q&lokasi=0,,,
https://www.loker.id/https://www.loker.id/cari-lowongan-kerja/page/3?q&lokasi=0,,,
https://www.loker.id/https://www.loker.id/cari-lowongan-kerja/page/2?q&lokasi=0,,,
https://www.loker.id/https://www.loker.id/cari-lowongan-kerja/page/914?q&lokasi=0,,,
