Company,Job_title,Location,Salary,Work Type,Skills,Descriptions,Links
Wiejaya Indonesia,Account Executive,"Bogor Selatan, Bogor, Jawa Barat, Indonesia","Rp4,5jt-Rp6jt",Penuh Waktu,,,https://glints.com/id/opportunities/jobs/account-executive/16554385-2a75-408c-90ac-8637cadbe2ee?utm_referrer=explore
MAPLE CLINIC,Dokter kecantikan,"Penjaringan, Jakarta Utara, DKI Jakarta, Indonesia",Rp5jt-Rp8jt,Penuh Waktu,,"Lulusan S1 kedokteran dan memiliki STR dokter aktif, Pengalaman min. 1 tahun di estetika/ skincare atau memiliki serrifikasi estetika menjadi nilai plus, Komunikatif, ramah, jujur, dan teliti, Memiliki passion di bidang estetik, Penempatan pantai indah kapuk",https://glints.com/id/opportunities/jobs/dokter-kecantikan/01555afa-b7e1-4e7e-bf3b-0b141f187154?utm_referrer=explore
Dfactory Visual,Animator,"Genteng, Surabaya, Jawa Timur, Indonesia",Perusahaan tidak menampilkan gaji,Kontrak,,,https://glints.com/id/opportunities/jobs/animator/c651f474-3ad3-4c33-9759-84c834c68872?utm_referrer=explore
Saturuma,Interior Designer,"Cipayung, Jakarta Timur, DKI Jakarta, Indonesia",Rp5jt-Rp8jt,Penuh Waktu,"Wanita, usia max 28 tahun, Memiliki Sim A, Sketchup + Vray",,https://glints.com/id/opportunities/jobs/interior-designer/cf9e54f6-a768-4fbc-b0d1-beb638733226?utm_referrer=explore
CV. Beta Desain Studio,Senior Interior Designer,"Mulyorejo, Surabaya, Jawa Timur, Indonesia",Perusahaan tidak menampilkan gaji,Penuh Waktu,"SketchUp, Creativity Skills, Creative Thinking, Interior Designer, Interior Design",,https://glints.com/id/opportunities/jobs/senior-interior-designer/cbca20f2-0fb8-4fbb-94ec-0bcd91cbb44c?utm_referrer=explore
PT Kreasi Insan Digital,Principal PKBM,"Serpong Utara, Tangerang Selatan, Banten, Indonesia",Rp5jt-Rp6jt,Penuh Waktu,,"Minimal pendidikan S1 semua jurusah (lulusan sarjana pendidikan diutamanakan), Memahami kurikulum merdeka/IB/Cambridge, Pernah bekerja pada isntitusi pendidikan minimal 2 tahun, Memiliki motivasi yang tinggi dan jujur, Usia maksimal 37 tahun, Sehat dan mampu melakukan kegiatan dengan mobilitas yang tinggi.",https://glints.com/id/opportunities/jobs/principal-pkbm/bc94d0dd-665b-42a8-9e08-168499b457f5?utm_referrer=explore
PT. Indonesia Hosun Mach Technology,Penerjemah Bahasa Mandarin,"Tandes, Surabaya, Jawa Timur, Indonesia",Rp6jt-Rp10jt,Penuh Waktu,,,https://glints.com/id/opportunities/jobs/penerjemah-bahasa-mandarin/ffaea6d9-a57d-40b7-82f2-3d357ecc6a26?utm_referrer=explore
Pt.sinarbali Binakarya,Supervisor Pajak,"Denpasar Barat, Denpasar, Bali, Indonesia","Rp4,5jt-Rp5,5jt",Penuh Waktu,"Tax Reporting, Tax Regulation, Tax Preparation","Pendidikan Min D3 Pajak /Akuntansi, Berpengalaman menangani Pajak Perusahaan ,mencakup laporan pajak ,Pengolahan data perpajakan dan Regulasi Perpajakan, Mahir dalam mengoperasikan sistem perpajakan di indonesia, Komunikatif,Responsif ,memiliki tanggung jawab dan Integritas yang baik, Terbiasa bekerja dengan target waktu, Siap ditempatkan di area kerja Denpasar Bali",https://glints.com/id/opportunities/jobs/supervisor-pajak/892daf7b-8efd-49a4-8cdc-ddee4b3d1355?utm_referrer=explore
PT VIT PROFESIONAL INDOSEHAT,Asisten Operasional,"Penjaringan, Jakarta Utara, DKI Jakarta, Indonesia",Rp5jt,Penuh Waktu,,,https://glints.com/id/opportunities/jobs/asisten-operasional/302eb3d3-67b8-47d2-95b0-c84661fe80e3?utm_referrer=explore
UC Silver & Gold,Desainer Grafis & Brand,"Sukawati, Gianyar, Bali, Indonesia","Rp2,5jt-Rp3jt",Penuh Waktu,"Jujur, teliti, dan rajin, Profesional, Good Teamwork","Membuat dan merancang materi branding atau iklan, Membuat materi iklan cetak dan digital, Mengembangkan Visual Utama dan Materi Pendukung untuk Kampanye Pemasaran, Mendesain materi grafis, penjualan, dan pemasaran, misalnya EDM / Poster / Spanduk / Display Penjualan, Mengelola Desain dari Konsep hingga Produksi, Berinteraksi dengan percetakan eksternal atau kontraktor/pemasok untuk memastikan kualitas terbaik dan pemenuhan tenggat waktu, Mendokumentasikan dengan baik semua file desain",https://glints.com/id/opportunities/jobs/desainer-grafis-and-brand/94e01b52-9d39-456b-abe0-28becabab06c?utm_referrer=explore
PT Sree International Indonesia,Finance and Accounting Executive,"Setiabudi, Jakarta Selatan, DKI Jakarta, Indonesia",Rp5jt-Rp6jt,Penuh Waktu,,"Lead daily journal transactions, ensuring accuracy and compliance., Oversee the preparation of sales and tax invoices, maintaining high standards in financial documentation., Conduct regular reviews of bank balances, leading comprehensive bank reconciliations., Manage the end-to-end process of payments for all purchasing and expenses., Take charge of compiling comprehensive financial statements, offering insights for decision-making.",https://glints.com/id/opportunities/jobs/finance-and-accounting-executive/4d3f3ce9-46d6-4616-a9c8-a4e3b093805c?utm_referrer=explore
PT Bawana Margatama,Software Developer,"Setiabudi, Jakarta Selatan, DKI Jakarta, Indonesia",Rp6jt-Rp10jt,Penuh Waktu,"Object-Oriented Programming (OOP), API, PostgreSQL, Spring Boot, Middleware, Microservices Architecture, Oracle, MSSQL Server, Java Programming","Creating, developing, and maintaining efficient, reusable, and dependable Java-based programs, Contributing to all phases of the development lifecycle, Writing unit and UI test to identify malfunction, Maintain up-to-date code documentation, Contributing to code reviews, Troubleshoot and debug to optimize performance",https://glints.com/id/opportunities/jobs/software-developer/09fbced1-012f-45c6-9281-f8438416ec2a?utm_referrer=explore
RecruitFirst,Sales Executive,"Karanganyar, Kebumen, Jawa Tengah, Indonesia",Rp2jt,Penuh Waktu,,,https://glints.com/id/opportunities/jobs/sales-executive/54c326fd-ad90-4f5b-bc20-97924cb2201d?utm_referrer=explore
GRIT AI,Personal Assistant (Mandarin Speaker),"Pasar Minggu, Jakarta Selatan, DKI Jakarta, Indonesia",Perusahaan tidak menampilkan gaji,Penuh Waktu,,,https://glints.com/id/opportunities/jobs/personal-assistant-mandarin-speaker/003966c4-54f5-45b2-908a-9b905e9ef599?utm_referrer=explore
PT Wellen Brothers,TAX STAFF,"Pancoran, Jakarta Selatan, DKI Jakarta, Indonesia",Perusahaan tidak menampilkan gaji,Penuh Waktu,"Accurate System, Tax Accounting, Tax",,https://glints.com/id/opportunities/jobs/tax-staff/57a358ae-ac5f-42d5-b7bf-3cbee8232730?utm_referrer=explore
LAF Project,Live streamer & Content creator,"Bojongloa Kidul, Bandung, Jawa Barat, Indonesia","Rp2,5jt-Rp4,5jt",Penuh Waktu,"Komunikatif, Content Creation, Content Strategy","Menghadirkan siaran langsung yang menarik dan menghibur kepada audiens., Berinteraksi secara aktif dengan audiens melalui chat dan komentar., Membuat content video untuk kebutuhan promosi di media sosial, Menyampaikan konten dengan jelas dan memikat menggunakan kemampuan berbicara yang baik., Memahami tren dan topik yang sedang populer untuk menarik minat audiens., Memastikan kelancaran teknis selama siaran langsung., Mempromosikan dan memperkenalkan produk atau layanan perusahaan kepada audiens.",https://glints.com/id/opportunities/jobs/live-streamer-and-content-creator/0d3c50ef-6a7e-4173-9097-d5ca6188932c?utm_referrer=explore
LAF Project,Live streamer & Content creator,"Bojongloa Kidul, Bandung, Jawa Barat, Indonesia","Rp2,5jt-Rp4,5jt",Paruh Waktu,,"Menghadirkan siaran langsung yang menarik dan menghibur kepada audiens., Berinteraksi secara aktif dengan audiens melalui chat dan komentar., Membuat content video untuk kebutuhan promosi di media sosial, Menyampaikan konten dengan jelas dan memikat menggunakan kemampuan berbicara yang baik., Memahami tren dan topik yang sedang populer untuk menarik minat audiens., Memastikan kelancaran teknis selama siaran langsung., Mempromosikan dan memperkenalkan produk atau layanan perusahaan kepada audiens.",https://glints.com/id/opportunities/jobs/live-streamer-and-content-creator/b34a8c9a-0fba-4a63-9b38-92e37461a685?utm_referrer=explore
PT Crieta,Accounting & Tax,"Penjaringan, Jakarta Utara, DKI Jakarta, Indonesia",Perusahaan tidak menampilkan gaji,Penuh Waktu,,"Mengerti pekerjaan yang berhubungan dengan pekerjaan AR/AP, Melakukan Rekonsiliasi Piutang Usaha/Hutang Usaha, Menerima dan Memeriksa pembayaran yang masuk/keluar setiap harinya dan memastikan jika sudah benar sesuai dengan Tagihan, Menyusun Laporan Aging Piutang Perminggu, Menyelesaikan Dan Membuat Laporan Tagihan Bermasalah, Melakukan pengarsipan dokumen baik arsip Faktur Pajak dan dokumen penagihan lainnya dengan rapih, Melakukan pemeriksaan/audit rutin dan memverifikasi atas semua transaksi perusahaan sudah sesuai dengan tarif pajak yang berlaku ., Menjalankan tugas-tugas lainnya yang berhubungan dengan laporan keuangan perusahaan",https://glints.com/id/opportunities/jobs/accounting-and-tax/8b4a2f06-8c81-42bc-a374-7a419756494c?utm_referrer=explore
PT Sanjaya Garmen Aksesoris,Sales Canvasser,"Tambora, Jakarta Barat, DKI Jakarta, Indonesia",Rp3jt,Kontrak,"Sales Canvassing, Direct Sales, Sales Operations, Retail Sales, Sales Marketing",,https://glints.com/id/opportunities/jobs/sales-canvasser/cb58fe51-5e83-42ce-838f-084f0f770f6b?utm_referrer=explore
PT Quickprint Indonesia,Graphic Designer,"Kembangan, Jakarta Barat, DKI Jakarta, Indonesia",Perusahaan tidak menampilkan gaji,Penuh Waktu,,,https://glints.com/id/opportunities/jobs/graphic-designer/6da4d89d-26a1-4d47-bdd2-db5c3412e866?utm_referrer=explore
Partipost Indonesia,Marketing Internship,"Setiabudi, Jakarta Selatan, DKI Jakarta, Indonesia",Perusahaan tidak menampilkan gaji,Magang,,,https://glints.com/id/opportunities/jobs/marketing-internship/09b915c0-618a-4b1d-a3eb-494215d2f901?utm_referrer=explore
PT. Kusuma Sampurna Mulia (Kusuma Beauty Clinic),IT Developer,"Tangerang, Tangerang, Banten, Indonesia","Rp5,5jt-Rp6,5jt",Penuh Waktu,,"Mengelola Database, Mengelola Teknologi Server, Melakukan integrasi cloud computing, Membangun software server side, Mengatur bahasa pemrograman server side, Melakukan integrasi Application Programing Interface (API), Mengelola dan Mengembangkan Content Management System (CMS), Mengatu dan Menjamin Keamanan WEB, Membuat laporan analisis dan statistik server, Menerjemahkan design menjadi tampilanyang dapat diakses orang awam (penguna), Berpengalaman Build Website, Menguasai berbagai bahasa pemrograman (PHP, CSS, HTML, JAVA), Menguasai teknologi front end (UI UX), Troubleshoot, debug and upgrade software., Good communication, Excellent problem-solving skills, Have experience in IT Company especially in HRIS is a Plus",https://glints.com/id/opportunities/jobs/it-developer/a6ec77c7-6f84-4e77-b8e6-d8b5b50f09c2?utm_referrer=explore
PT. Meteor Inovasi Digital,Golang Developer,"Setiabudi, Jakarta Selatan, DKI Jakarta, Indonesia",Perusahaan tidak menampilkan gaji,Penuh Waktu,,"Pengalaman min, 2 thn menggunakan Bahasa pemrograman Golang, S1 Teknik Informatika/System Informasi diutamakan, jurusan lain dipersilahkan, Project Base sampai dengan 31 Desember 2023, Bersedia bekerja Full WFO di Jakarta selatan",https://glints.com/id/opportunities/jobs/golang-developer/721b03ab-95d4-4feb-897f-2ef3743ad73b?utm_referrer=explore
PunyaLink,Marketing Manager,"Grogol Petamburan, Jakarta Barat, DKI Jakarta, Indonesia",Perusahaan tidak menampilkan gaji,Penuh Waktu,,"Pengalaman magang minimal 3 bulan sebagai Content-Social Media Spesialist/Business Development, Active in IG & Tiktok. (Linkedin is plus), Usia 20-30 tahun, Ambitious and target oriented, Menyukai kegiatan Sales/Marketing/Bisnis,, Hybrid work in West Jakarta, Gender - Female!",https://glints.com/id/opportunities/jobs/marketing-manager/8304ca7b-0cc4-4eb0-9bf3-e50f26ed164e?utm_referrer=explore
PT Lamonte Mode Internasional,BUSINESS DEVELOPMENT,"Pancoran Mas, Depok, Jawa Barat, Indonesia",Perusahaan tidak menampilkan gaji,Penuh Waktu,"Marketing Communications, Negotiation Skill, Marketing Strategy, Good Communication Skills, Presentation Skills",,https://glints.com/id/opportunities/jobs/business-development/86fb8e36-2c08-4c09-9bad-9e4c568aef02?utm_referrer=explore
PT Niramas Utama (INACO),Staff Legal,"Tambun Selatan, Bekasi, Jawa Barat, Indonesia",Perusahaan tidak menampilkan gaji,Penuh Waktu,,"Melakukan legal service dan legal opinions, Handling OSS, Bertanggung jawab legal compliance, Pengarsipan dokumen (perjanjian, izin dan lain-lain) dan controlling dokumen legal, Merancang dan rivew perjanjian internasional",https://glints.com/id/opportunities/jobs/staff-legal/4df93242-54a1-49bf-8b9d-6e5719a5857c?utm_referrer=explore
OXYMED CLINIC,Business Development Representative,"Kelapa Gading, Jakarta Utara, DKI Jakarta, Indonesia",Rp4jt-Rp6jt,Penuh Waktu,,"Melakukan kunjungan setiap hari kepada Client, Membuat penawaran kepada Client

Kualifikasi:, D3/S1 background (diutamakan perawat/Analis Kesehatan), Berminat di bagian Marketing/Sales, Memiliki relasi baik dengan dokter umum/Spesialis, Bersedia bekerja dengan target, Mampu mengoperasikan microsoft office",https://glints.com/id/opportunities/jobs/business-development-representative/2fe92442-515f-4d4b-af1d-43b0555fbfc1?utm_referrer=explore
Demar Hijab,Social Media Specialist,"Gedebage, Bandung, Jawa Barat, Indonesia",Perusahaan tidak menampilkan gaji,Penuh Waktu,,"Mempunyai keterampilan dalam mengkurasi konten dan branding yang baik sesuai visi brand di seluruh channel online, Mengelola akun media sosial brand dan meningkatkan reach & impressions akun media sosial, Meningkatkan Engagement Rate, Clickthrough rate , Conversion rate dari hasil branding di channel online, Mengembangkan dan menerapkan strategi media sosial untuk meningkatkan brand awareness, engagement, dan menjangkau audiens baru, Tingkatkan engagement dengan customer dan partner brand di sosial media dengan memonitor dan merespons pesan, komentar, dan konten, Kelola content plan dan melakukan schedule post konten, Bertanggung jawab atas semua desain yang diperlukan untuk media sosial dan tujuan pemasaran, Mengikuti, meneliti dan menganalisa tren media sosial terbaru, Membuat laporan dan analisis tentang kinerja media sosial, tren yang sedang terjadi, serta memberikan rekomendasi untuk perbaikan, Mempunyai portofolio manajemen campaign social media ads menjadi nilai tambah",https://glints.com/id/opportunities/jobs/social-media-specialist/93018eb2-23ae-4b02-9237-97acd6587a42?utm_referrer=explore
PT. Java Vapor Indonesia,Marketing Area Bali,"Denpasar Utara, Denpasar, Bali, Indonesia","Rp3,5jt-Rp4jt",Penuh Waktu,,,https://glints.com/id/opportunities/jobs/marketing-area-bali/00cdc11d-027b-4791-bf87-2ddfcea83d1b?utm_referrer=explore
PT. Asuransi Cakrawala Proteksi Indonesia,Claim Staff,"Kelapa Gading, Jakarta Utara, DKI Jakarta, Indonesia",Perusahaan tidak menampilkan gaji,Penuh Waktu,,,https://glints.com/id/opportunities/jobs/claim-staff/6a33d10b-8ffa-4eee-99cf-dc099593e671?utm_referrer=explore
PT. Asuransi Cakrawala Proteksi Indonesia,Claim Staff,"Kelapa Gading, Jakarta Utara, DKI Jakarta, Indonesia",Perusahaan tidak menampilkan gaji,Penuh Waktu,"Analytical Skills, Good Communication Skills, General Insurance, Administration",,https://glints.com/id/opportunities/jobs/claim-staff/6a33d10b-8ffa-4eee-99cf-dc099593e671?utm_referrer=explore
PT. Mganik Grup Mitra Indonesia,Admin Brand GOLO,"Cipondoh, Tangerang, Banten, Indonesia",Rp4jt-Rp5jt,Penuh Waktu,"Multitasking, Good Communication Skills, Administration",,https://glints.com/id/opportunities/jobs/admin-brand-golo/3f9fe6e3-7829-4889-8b0f-fea13244bd92?utm_referrer=explore
PunyaLink,Assistant Sales,"Grogol Petamburan, Jakarta Barat, DKI Jakarta, Indonesia",Perusahaan tidak menampilkan gaji,Penuh Waktu,,"Pengalaman magang minimal 3 bulan sebagai Content-Social Media Spesialist/Business Development, Active in IG & Tiktok. (Linkedin is plus), Usia 20-30 tahun, Ambitious and target oriented, Menyukai kegiatan Sales/Marketing/Bisnis,, Hybrid work in West Jakarta, Gender - Female!",https://glints.com/id/opportunities/jobs/assistant-sales/f1071267-0f53-474c-87a6-4728c2772f8c?utm_referrer=explore
Pt Vista Jaya Raya,IT Support Cabang Semarang,"Semarang Tengah, Semarang, Jawa Tengah, Indonesia",Perusahaan tidak menampilkan gaji,Penuh Waktu,"IT Hadware Support, Software Installation, Computer Maintenance","Memantau dan memelihara sistem dan jaringan komputer, Mengatasi masalah sistem dan masalah jaringan serta mendiagnosis dan menyelesaikan kesalahan perangkat keras atau perangkat lunak, Mengganti komponen sesuai kebutuhan, Mendiagnosis dan menyelesaikan masalah perangkat keras dan perangkat lunak teknis, Menginstal dan mengkonfigurasi sistem operasi dan aplikasi perangkat keras dan komputer",https://glints.com/id/opportunities/jobs/it-support-cabang-semarang/3f319687-69a5-495d-b8e6-9e7d2ae9f88e?utm_referrer=explore
Recreate Studio,Personal Assistant,"Serpong, Tangerang Selatan, Banten, Indonesia",Rp2jt-Rp4jt,Penuh Waktu,"Interpersonal Skills, Team Leadership, Detailed Oriented, Event Organizer, Organization Skills, Administrative Assistance, Good Teamwork, Assistant, Personal Assistant",,https://glints.com/id/opportunities/jobs/personal-assistant/64a16ea4-f22a-49f5-8f91-54a5d44cfeb2?utm_referrer=explore
Chachikey,Kasir,"Puri, Mojokerto, Jawa Timur, Indonesia",Perusahaan tidak menampilkan gaji,Penuh Waktu,,"Wanita, Usia Maksimal 27 Tahun, Pendidikan Minimal SMA/Sederajat, Belum Menikah, Jujur dan Semangat Bekerja, Tidak Sedang Kuliah, Domisili Mojokerto, Mempunyai Pengalaman Kasir Lebih diutamakan",https://glints.com/id/opportunities/jobs/kasir/a66130f7-31da-49b3-ba71-84581920eef9?utm_referrer=explore
Cv. Carya Askara Texindo,E COMMERCE MANAGER,"Tanah Abang, Jakarta Pusat, DKI Jakarta, Indonesia",Rp2jt-Rp5jt,Penuh Waktu,"Corel Draw, Canvas, CapCut Video Editor, Instagram Ads, Facebook Ads, Adobe Photoshop, tiktok ads","Bertanggung jawab dalam merancang strategi konten dan melaksanakan strategi konten, Mendistribusikan konten di platform media sosial, Menyusun strategi pemasaran konten., Mengelola akun media sosial perusahaan., Memonitor dan merespons pesan, komentar, dan pertanyaan dari pengikut media sosial., Membuat laporan dan analisis tentang kinerja media sosial, serta memberikan rekomendasi untuk perbaikan., membantu menarik minat customer",https://glints.com/id/opportunities/jobs/e-commerce-manager/6e86ce88-fda0-415b-82fe-e19327370646?utm_referrer=explore
Bebek Pondok Galih,RESTAURANT CREW (CASUAL),"Kapanewon Ngaglik, Sleman, DI Yogyakarta, Indonesia",Perusahaan tidak menampilkan gaji,Harian,"Cleaning, Hospitality and Service, Koordinasi Tim","Diutamakan laki-laki minimal usia 18 tahun, Pendidikan minimal lulusan SMA/SMK, Komunikatif, ramah, dan sopan, Mempunyai pengalaman di resto keluarga akan menjadi nilai tambah, Diutamakan yang berdomisili di Yogyakarta, Penempatan area : Sleman, Yogyakarta",https://glints.com/id/opportunities/jobs/restaurant-crew-casual/f53bf116-ed65-4df5-835c-cc60f493e9bd?utm_referrer=explore
Homprep,Interior Designer,"Setiabudi, Jakarta Selatan, DKI Jakarta, Indonesia",Perusahaan tidak menampilkan gaji,Penuh Waktu,"Interior Designer, Interior Design, Interior Architecture",,https://glints.com/id/opportunities/jobs/interior-designer/772328c6-07fe-4df3-89d7-0f85f7b86ec2?utm_referrer=explore
Smile Consulting Indonesia,Admin Psikologi,"Pal Merah, Jakarta Barat, DKI Jakarta, Indonesia",Perusahaan tidak menampilkan gaji,Penuh Waktu,"Psychological Assessment, Bachelor Psychology, Observation And Interview, Office Administration, Psychological Tests Administration",,https://glints.com/id/opportunities/jobs/admin-psikologi/9923c814-7585-4fd8-9a83-460068e504c5?utm_referrer=explore
Homprep,Sales Consultant,"Setiabudi, Jakarta Selatan, DKI Jakarta, Indonesia",Perusahaan tidak menampilkan gaji,Penuh Waktu,"Sales Management, Sales, Sales Marketing","Reach out to potential clients to inform them about our products and services., Sell the company's products and services., Complete all paperwork relating to a sale., Build and maintain relationships with clients., Meet the sales target.",https://glints.com/id/opportunities/jobs/sales-consultant/1205ae63-24ef-418d-8447-028b8f3f1682?utm_referrer=explore
PT.Progress Citra Sempurna,Team Leader FMCG,"Mampang Prapatan, Jakarta Selatan, DKI Jakarta, Indonesia","Rp4,5jt-Rp4,9jt",Penuh Waktu,"Leadership, Strong Leadership Skills, Berkomunikasi Dengan Baik, Kanvasing, Microsoft Office",,https://glints.com/id/opportunities/jobs/team-leader-fmcg/2d9fd566-0842-45c5-a912-b487bcdb61f2?utm_referrer=explore
PT. International Leather Works,Credit Marketing Officer,"Klapanunggal, Bogor, Jawa Barat, Indonesia",Perusahaan tidak menampilkan gaji,Penuh Waktu,"Leadership, keterampilan manajemen waktu, Berkomunikasi Dengan Baik, Marketing Strategy, Sales Marketing","Wanita/Pria, Usia maksimal 35 tahun, Pendidikan minimal SMA/D3/S1, Pengalaman minimal 2 tahun sebagai CMO diperusahaan bidang pembiyaan (leasing), Berjiwa marketing atau sales, Memiliki koneksi yang luas, Dapat bekerja dibawah tekanan, target oriented dan market knowledge, Memiliki SIM (A/C) aktif, Penempatan Bogor, Jawa Barat",https://glints.com/id/opportunities/jobs/credit-marketing-officer/d38493fe-a8d3-42ad-9021-30d9e998e674?utm_referrer=explore
Lets Move Indonesia,Real Estate Consultant Bali,"Setiabudi, Jakarta Selatan, DKI Jakarta, Indonesia",Perusahaan tidak menampilkan gaji,Penuh Waktu,,"Develop and execute marketing strategies to promote the company's real estate listings., Create and manage advertising campaigns, including online, print, and social media., Source new properties for the company's listings., Network with other real estate professionals and industry organizations.",https://glints.com/id/opportunities/jobs/real-estate-consultant-bali/0e949114-b3c7-488f-a0a6-f687a47bc1a8?utm_referrer=explore
Pt. Wahana Internet Nusantara,Mobile Apps Developer,"Karawang Barat, Karawang, Jawa Barat, Indonesia","Rp4,6jt",Penuh Waktu,"JavaScript, MySQL, SQLite, Kotlin",,https://glints.com/id/opportunities/jobs/mobile-apps-developer/127a2a31-498b-4c4f-add1-e5cc59dc1836?utm_referrer=explore
PT Cahaya Pengajaran Abadi,Storeman - Site Mandarin Speaker,"Kemayoran, Jakarta Pusat, DKI Jakarta, Indonesia",Perusahaan tidak menampilkan gaji,Penuh Waktu,,,https://glints.com/id/opportunities/jobs/storeman-site-mandarin-speaker/b0bb484c-48ab-4d68-ab1e-64511ff12b39?utm_referrer=explore
Lets Move Indonesia,Graphic Designer (Social Media Specialist),"Kuta, Badung, Bali, Indonesia",Perusahaan tidak menampilkan gaji,Penuh Waktu,,"Manage the Consultants' social media (Instagram & LinkedIn), Helping with flyers and event handouts, Assisting the videographer with Instagram / LinkedIn video content, Creating branding materials for LetsMoveIndonesia, including social media, posters, flyers, and advertising materials, Assisting real estate consultant with social media branding materials",https://glints.com/id/opportunities/jobs/graphic-designer-social-media-specialist/8e7a88ef-171e-43c9-ab70-a9aec5c8c3e6?utm_referrer=explore
PT Cahaya Pengajaran Abadi,Storeman - Site Mandarin Speaker -Kalimantan,"Balikpapan Kota, Balikpapan, Kalimantan Timur, Indonesia",Perusahaan tidak menampilkan gaji,Penuh Waktu,,,https://glints.com/id/opportunities/jobs/storeman-site-mandarin-speaker-kalimantan/82a84af8-be5d-4407-a087-52aa38098183?utm_referrer=explore
PT Niramas Utama (INACO),Sales and Marketing Staff (Vending Machine Sales),"Tambun Selatan, Bekasi, Jawa Barat, Indonesia",Rp4jt-Rp5jt,Penuh Waktu,,"Mencari lokasi yang strategis untuk penempatan Vending Machine, Melakukan distribusi Vending Machine ke Institusi, Hospital, Pabrik dan lain-lain, Memonitor aktivitas pencapaian penjualan / Sell Out Vending Machine, Update harga jual di Vending Machine dan cek kerusakan Vending Machine, Memantau aktifitas kompetitor terkait harga, promo dan lain-lain, Menjaga hubungan baik dengan customer, Melakukan kegiatan administrasi sales",https://glints.com/id/opportunities/jobs/sales-and-marketing-staff-vending-machine-sales/3637c9bc-d290-4530-b35d-309b88c577e3?utm_referrer=explore
Prestisa,Social Media Intern,"Bekasi Utara, Bekasi, Jawa Barat, Indonesia",Perusahaan tidak menampilkan gaji,Magang,,"Job Description:, Create marketing strategies and campaigns by content ideas, budget planning, and implementation schedules., Promote products and services on various social media platforms., Create a marketing strategy on social media and run it through competitive research from the audience., Optimizing the company's social media platform to increase the viewers of corporate content., Generate and increase audience engagement, website traffic, and revenue by leveraging all aspects of digital marketing from social media., Requirements:, A final year student (with no more class to attend) or fresh graduates from a reputable university (any major)., , Significant experience as a TikTok creator, with knowledge of what performs well on the platform and what doesn't., Excellent knowledge of social media platforms (mostly TikTok)., Have the ability to create strong & engaging content., Creative & innovative, ability to perform independently., Positive attitude, detail and customer oriented with good multitasking and organisational ability., Demonstrated excellence in writing, proofreading, and editing., Able to work in Bekasi.",https://glints.com/id/opportunities/jobs/social-media-intern/e7b7f61f-d3a1-440b-aa66-84c12c66f2d4?utm_referrer=explore
Klinik Dermis,Perawat Estetik/Nurse (Rawamangun),"Pulogadung, Jakarta Timur, DKI Jakarta, Indonesia",Perusahaan tidak menampilkan gaji,Penuh Waktu,"Facial therapist, Jujur, teliti, dan rajin, Memiliki STR aktif",,https://glints.com/id/opportunities/jobs/perawat-estetik-nurse-rawamangun/a8f97c80-4af5-4851-97b3-987ac41736d8?utm_referrer=explore
CV CERGAS KREATIF KONSULTINDO,Desainer Grafis,"Semarang Tengah, Semarang, Jawa Tengah, Indonesia","Rp3,4jt-Rp3,5jt",Penuh Waktu,"Komunikatif, disiplin dan bertanggung jawab, Desain Grafis","Membuat dan merancang materi branding atau iklan, Membuat materi iklan cetak dan digital, Mengembangkan Visual Utama dan Materi Pendukung untuk Kampanye Pemasaran, Mendesain materi grafis, penjualan, dan pemasaran, misalnya EDM / Poster / Spanduk / Display Penjualan",https://glints.com/id/opportunities/jobs/desainer-grafis/810a38de-3c42-4153-aefe-5b416a59c127?utm_referrer=explore
CV CERGAS KREATIF KONSULTINDO,accounting,"Semarang Tengah, Semarang, Jawa Tengah, Indonesia","Rp3,5jt-Rp4jt",Penuh Waktu,,"Layanan Pajak dan Laporan Keuangan, Digital Marketing, Jasa Pembuatan PT, Jasa Pembuatan CV, Pendirian PMA (Penanaman Modal Asing), Pendirian Koperasi, Jasa Pendirian Yayasan dan Perkumpulan, Pendirian PT Perorangan, Pendirian Firma, Virtual Office",https://glints.com/id/opportunities/jobs/accounting/5af4181d-3a27-4b52-93b7-caad9001a0bf?utm_referrer=explore
KMG Production,Admin Staff,"Buduran, Sidoarjo, Jawa Timur, Indonesia",Perusahaan tidak menampilkan gaji,Penuh Waktu,"Komputer Ms Office, Admin, Accounting, bekerjasama dengan tim","Wanita usia 18-25 Tahun, Belum menikah, Good Attitude, Dapat bekerjasama dengan tim, Paham Microsoft Office, Memiliki pengalaman di bidang Accounting, Melampirkan ijazah SD-SMA/SMK",https://glints.com/id/opportunities/jobs/admin-staff/99642935-f7a8-4969-b940-4e228aafd47f?utm_referrer=explore
Momolin Bakery,Social Media Strategist and Marketing,"Medan Satria, Bekasi, Jawa Barat, Indonesia",Perusahaan tidak menampilkan gaji,Penuh Waktu,"Good Copywriting Skills, Handle Social Media, Good Communication Skills, Marketing Campaign, Basic Photo/video Editing, Storytelling, Content Strategy",,https://glints.com/id/opportunities/jobs/social-media-strategist-and-marketing/05e80242-c515-4d7f-9407-01f6ab1e01c2?utm_referrer=explore
Momolin Bakery,Content Creator,"Medan Satria, Bekasi, Jawa Barat, Indonesia",Perusahaan tidak menampilkan gaji,Penuh Waktu,"Good Copywriting Skills, Handle Social Media, Good Communication Skills, Marketing Campaign, Basic Photo/video Editing, Storytelling, Content Strategy",,https://glints.com/id/opportunities/jobs/content-creator/26d9bc4f-2014-43da-8706-db9c3b98d033?utm_referrer=explore
PT Cahaya Pengajaran Abadi,Technical Mandarin Speaker - Makasar,"Makassar, Makassar, Sulawesi Selatan, Indonesia",Perusahaan tidak menampilkan gaji,Penuh Waktu,"Chinese HSK 5, Interpersonal Skills, INDONESIA MAKASSAR, Fluent In Mandarin, Client Relations, Techinal Support, Good Communication Skills",,https://glints.com/id/opportunities/jobs/technical-mandarin-speaker-makasar/da25ee47-631e-4eea-aeff-5eb8f0153e53?utm_referrer=explore
Klinik Dermis,Frontline & Patient Relations (Kemang),"Mampang Prapatan, Jakarta Selatan, DKI Jakarta, Indonesia",Perusahaan tidak menampilkan gaji,Penuh Waktu,"Jujur, teliti, dan rajin, Front Liner, Rapih, Ms Office, Good Communication Skills",,https://glints.com/id/opportunities/jobs/frontline-and-patient-relations-kemang/c6d5bea1-6512-44bf-8391-52d7fc97a71c?utm_referrer=explore
PT Cahaya Pengajaran Abadi,Technical Mandarin Speaker - Jakarta,"Kemayoran, Jakarta Pusat, DKI Jakarta, Indonesia",Perusahaan tidak menampilkan gaji,Penuh Waktu,"Chinese HSK 5, Interpersonal Skills, Fluent In Mandarin, Client Relations, Techinal Support, Good Communication Skills",,https://glints.com/id/opportunities/jobs/technical-mandarin-speaker-jakarta/dc7573d5-a4bd-406e-8a77-00b76c8fcfca?utm_referrer=explore
PT Sigma Global Teknologi,Android Developer,"Setiabudi, Jakarta Selatan, DKI Jakarta, Indonesia","Rp7,5jt-Rp8,5jt",Kontrak,"React Native, Objective-C, Kotlin Android, Android Java",,https://glints.com/id/opportunities/jobs/android-developer/1a1845ed-d85b-4f5a-934a-3341a92b05bf?utm_referrer=explore
PT Cahaya Pengajaran Abadi,Technical Mandarin Speaker - Makasar,"Makassar, Makassar, Sulawesi Selatan, Indonesia",Perusahaan tidak menampilkan gaji,Penuh Waktu,"Chinese HSK 5, Interpersonal Skills, INDONESIA MAKASSAR, Fluent In Mandarin, Client Relations, Techinal Support, Good Communication Skills",,https://glints.com/id/opportunities/jobs/technical-mandarin-speaker-makasar/da25ee47-631e-4eea-aeff-5eb8f0153e53?utm_referrer=explore
Klinik Dermis,Frontline & Patient Relations (Kemang),"Mampang Prapatan, Jakarta Selatan, DKI Jakarta, Indonesia",Perusahaan tidak menampilkan gaji,Penuh Waktu,,,https://glints.com/id/opportunities/jobs/frontline-and-patient-relations-kemang/c6d5bea1-6512-44bf-8391-52d7fc97a71c?utm_referrer=explore
PT Cahaya Pengajaran Abadi,Technical Mandarin Speaker - Jakarta,"Kemayoran, Jakarta Pusat, DKI Jakarta, Indonesia",Perusahaan tidak menampilkan gaji,Penuh Waktu,"Chinese HSK 5, Interpersonal Skills, Fluent In Mandarin, Client Relations, Techinal Support, Good Communication Skills",,https://glints.com/id/opportunities/jobs/technical-mandarin-speaker-jakarta/dc7573d5-a4bd-406e-8a77-00b76c8fcfca?utm_referrer=explore
PT Sigma Global Teknologi,Android Developer,"Setiabudi, Jakarta Selatan, DKI Jakarta, Indonesia","Rp7,5jt-Rp8,5jt",Kontrak,"React Native, Objective-C, Kotlin Android, Android Java",,https://glints.com/id/opportunities/jobs/android-developer/1a1845ed-d85b-4f5a-934a-3341a92b05bf?utm_referrer=explore
Pt Bionic Teknologi Indonesia,PROGRAMMER JAVA SPRING BOOT,"Tebet, Jakarta Selatan, DKI Jakarta, Indonesia",Perusahaan tidak menampilkan gaji,Penuh Waktu,,,https://glints.com/id/opportunities/jobs/programmer-java-spring-boot/1dd02313-d120-4f80-843d-4243c5c4e421?utm_referrer=explore
PT Solusi Nusantara Teredukasi,Staff Customer Service,"Bekasi Selatan, Bekasi, Jawa Barat, Indonesia","Rp2,5jt-Rp3,5jt",Penuh Waktu,,"Menangani pertanyaan pelanggan melalui telepon, email, atau media sosial dengan sopan dan profesional., Menyelesaikan masalah pelanggan dengan cepat dan efisien., Memberikan informasi produk, layanan, dan kebijakan perusahaan kepada pelanggan., Membangun hubungan yang baik dengan pelanggan dan meningkatkan kepuasan pelanggan., Melakukan tugas administratif terkait layanan pelanggan., Memberikan umpan balik dan saran kepada manajemen untuk perbaikan layanan pelanggan.",https://glints.com/id/opportunities/jobs/staff-customer-service/d6afac0c-7d87-4a18-b58a-eb0627db0870?utm_referrer=explore
Aegin Prima Solusi,Services Delivery Engineer,"Kebon Jeruk, Jakarta Barat, DKI Jakarta, Indonesia",Perusahaan tidak menampilkan gaji,Penuh Waktu,"Programming, IT Security, Linux, System Engineer, Data Analysis, Unix/linux Server, Scripting","S1 / Bachelor Degree in Computer Science, Technical, Engineering, Science, Mathematics,  Statistics, Electronics, Information Systems or related working experience, Proficient in English, Familiar with office suite software (MS Office, LibreOffice, etc.), Good communication, presentation, and interpersonal skills, Fresh graduate are welcome",https://glints.com/id/opportunities/jobs/services-delivery-engineer/a8802d1b-a443-46e3-8c91-8450e5d74b47?utm_referrer=explore
Aegin Prima Solusi,Service Delivery Engineer,"Kebon Jeruk, Jakarta Barat, DKI Jakarta, Indonesia",Perusahaan tidak menampilkan gaji,Penuh Waktu,,"S1 / Bachelor Degree in Computer Science, Technical, Engineering, Science, Mathematics,  Statistics, Electronics, Information Systems or related working experience, Proficient in English, Familiar with office suite software (MS Office, LibreOffice, etc.), Good communication, presentation, and interpersonal skills, Fresh graduate are welcome",https://glints.com/id/opportunities/jobs/service-delivery-engineer/b599312a-ea3f-4d62-9a25-45652fe860e2?utm_referrer=explore
PT Bayi Bunda Hebat,Bidan Studio Sidoarjo,"Waru, Sidoarjo, Jawa Timur, Indonesia",Perusahaan tidak menampilkan gaji,Penuh Waktu,"Cepat Belajar Dan Mampu Menyesuaikan Diri Dengan Baik, Memiliki Kemampuan Komunikasi Yang Baik, Dapat Bekerja Individu Maupun Tim, Melayani Pelanggan","Bekerja secara mobile, Pendidikan wajib minimal D3 jurusan Kebidanan, Wanita, usia 21-33 tahun, Mampu berkomunikasi dengan baik, Memiliki sertifikat babyspa (menjadi nilai tambah), Bisa mengendarai sepeda motor, Fresh graduate atau berpengalaman, Memiliki integritas tinggi dan sikap kerja yang positif",https://glints.com/id/opportunities/jobs/bidan-studio-sidoarjo/5d182dae-3f9e-4272-a35c-713d15e074ba?utm_referrer=explore
PT Cahaya Pengajaran Abadi,Key Account Executive Mandarin Speakeri - Balik Papan,"Balikpapan Kota, Balikpapan, Kalimantan Timur, Indonesia",Perusahaan tidak menampilkan gaji,Penuh Waktu,"Chinese HSK 5, Interpersonal Skills, Fluent In Mandarin, Client Relations, Key Account Management, Good Communication Skills",,https://glints.com/id/opportunities/jobs/key-account-executive-mandarin-speakeri-balik-papan/d72c1c4e-2609-4f1f-8c32-b5b5c93d1a3d?utm_referrer=explore
Propnex Bandung,Marketing Associate Kab Bandung,"Rancaekek, Bandung, Jawa Barat, Indonesia",Perusahaan tidak menampilkan gaji,Paruh Waktu,"Marketing, Digital Marketing, Content Marketing",,https://glints.com/id/opportunities/jobs/marketing-associate-kab-bandung/bccf2399-85ff-4e42-b97f-fa3169b5ad75?utm_referrer=explore
Propnex Bandung,Marketing Associate Kota Bandung,"Babakan Ciparay, Bandung, Jawa Barat, Indonesia",Perusahaan tidak menampilkan gaji,Paruh Waktu,,,https://glints.com/id/opportunities/jobs/marketing-associate-kota-bandung/288c18ae-2bae-4daf-9f97-f5f57ee1ba0e?utm_referrer=explore
Propnex Bandung,Marketing Associate KBB,"Ngamprah, Bandung Barat, Jawa Barat, Indonesia",Perusahaan tidak menampilkan gaji,Penuh Waktu,"Marketing, Social Media Marketing, Digital Marketing",,https://glints.com/id/opportunities/jobs/marketing-associate-kbb/b5bbbbc5-7539-46e6-84c2-62631cef9bc5?utm_referrer=explore
Propnex Bandung,Marketing Associate Cimahi,"Cimahi Tengah, Cimahi, Jawa Barat, Indonesia",Perusahaan tidak menampilkan gaji,Paruh Waktu,,,https://glints.com/id/opportunities/jobs/marketing-associate-cimahi/a210dd46-3ab3-4f3b-b6a5-ae5f383493c3?utm_referrer=explore
PT. CINTA KREASI KULINER INDONESIA,Barista,"Kebayoran Baru, Jakarta Selatan, DKI Jakarta, Indonesia","Rp2jt-Rp2,5jt",Penuh Waktu,,,https://glints.com/id/opportunities/jobs/barista/7588c4ed-f64c-4cc1-a13d-7ea62d3b7649?utm_referrer=explore
Pt. Mixist Palamarta Indonesia,KOL Specialist,"Kapanewon Mlati, Sleman, DI Yogyakarta, Indonesia",Perusahaan tidak menampilkan gaji,Penuh Waktu,"KOL Specialist, KOL Influencer Marketing, KOL Management","Communicate with industry professionals to create a strong network, Develop and manage influencer programs and attended influencers' events, Research, analyze, and approach (end-to-end execution) KOL talent / UGC Content Creator endorsement marketing strategy to deliver successful ongoing and future campaigns, Monitor all KOL talents whether all talents deliver content according to the agreement and ongoing campaigns, Create a professional/ proper deck or proposal for collaboration or any kind of marketing for pitching to externals, Prepare and make sure all KOL agreement documents, Perform other duties when needed",https://glints.com/id/opportunities/jobs/kol-specialist/b834230c-177a-4424-9230-dcc50403049f?utm_referrer=explore
PT Shell Infotek Indonesia (Shell Infotech),Solution Architect,"Kelapa Gading, Jakarta Utara, DKI Jakarta, Indonesia",Perusahaan tidak menampilkan gaji,Penuh Waktu,,,https://glints.com/id/opportunities/jobs/solution-architect/7b53af6d-3eac-4dd3-bc39-419f4e160f14?utm_referrer=explore
PT Niramas Utama (INACO),Marketing Promotion Representative,"Teluk Betung Selatan, Bandar Lampung, Lampung, Indonesia",Perusahaan tidak menampilkan gaji,Penuh Waktu,,"Melakukan awareness produk INACO melalui kegiatan branding toko retail, Melakukan direct selling ke end user melalui kegiatan bazzar reguler, Memastikan display produk sesuai dengan standar, Memastikan display POSM terdisplay dengan baik, Menghasilkan NOO pada toko retail melalui kegiatan Blitz",https://glints.com/id/opportunities/jobs/marketing-promotion-representative/93868b34-0aab-4394-b6ba-ce629969e1da?utm_referrer=explore
PT. Langit Indonesia Berjangka,Staff Customer Service,"Setiabudi, Jakarta Selatan, DKI Jakarta, Indonesia","Rp3jt-Rp5,1jt",Penuh Waktu,"Rajin Bertanggung Jawab, Berpenampilan Menarik, mampu bekerja dibawah tekanan","Menangani pertanyaan pelanggan melalui telepon, email, atau media sosial dengan sopan dan profesional., Menyelesaikan masalah pelanggan dengan cepat dan efisien., Memberikan informasi produk, layanan, dan kebijakan perusahaan kepada pelanggan., Membangun hubungan yang baik dengan pelanggan dan meningkatkan kepuasan pelanggan., Melakukan tugas administratif terkait layanan pelanggan., Memberikan umpan balik dan saran kepada manajemen untuk perbaikan layanan pelanggan.",https://glints.com/id/opportunities/jobs/staff-customer-service/107701a2-03a6-4cac-abb5-5edb66203493?utm_referrer=explore
PT. Migo Commercial Indonesia,Sales Representative,"Cengkareng, Jakarta Barat, DKI Jakarta, Indonesia",Perusahaan tidak menampilkan gaji,Penuh Waktu,,,https://glints.com/id/opportunities/jobs/sales-representative/f8bebd6f-15b5-4f5c-bef6-eb21f6225f90?utm_referrer=explore
Optimus Consulting (PT Diva Sukses Mulia),Professional Development Program,"Setiabudi, Jakarta Selatan, DKI Jakarta, Indonesia",Perusahaan tidak menampilkan gaji,Penuh Waktu,,,https://glints.com/id/opportunities/jobs/professional-development-program/83541262-f4c8-448f-bf8c-49a31f250342?utm_referrer=explore
Kin Outfit,Digital Marketing Specialist,"Cicendo, Bandung, Jawa Barat, Indonesia",Rp3jt-Rp4jt,Penuh Waktu,,"Analisis & membuat strategi campaign di social media dan  e-commerce, Menghubungi dan mengajak kerja sama KOL yang sesuai dengan brand, Membuat content feed & story untuk menaikan engagement dengan customer, Mencari dan mengajak kerja sama offline store untuk menjadi reseller, Mencari bazaar yang sesuai dengan brand",https://glints.com/id/opportunities/jobs/digital-marketing-specialist/ce4c9bff-9389-4f06-9749-eb1e15d6893b?utm_referrer=explore
PT Sigma Global Teknologi,IT Business Analyst - exp Finance Industry,"Setiabudi, Jakarta Selatan, DKI Jakarta, Indonesia",Rp9jt-Rp11jt,Kontrak,,,https://glints.com/id/opportunities/jobs/it-business-analyst-exp-finance-industry/2a42f0dc-b9ee-4180-8cdd-8b6ad84927aa?utm_referrer=explore
Pt Bionic Teknologi Indonesia,VUE JS DEVELOPER (JUNIOR LVL),"Tebet, Jakarta Selatan, DKI Jakarta, Indonesia",Perusahaan tidak menampilkan gaji,Penuh Waktu,,,https://glints.com/id/opportunities/jobs/vue-js-developer-junior-lvl/e1f87d32-a36d-47cf-8d5d-7a1c53240e9d?utm_referrer=explore
PT Visi Teliti Saksama,Backend Engineer,"Pasar Minggu, Jakarta Selatan, DKI Jakarta, Indonesia","Rp6,5jt-Rp7jt",Penuh Waktu,,,https://glints.com/id/opportunities/jobs/backend-engineer/a293c067-749c-4f96-ad11-de84a6d8d206?utm_referrer=explore
PT Cerdas Teknik Indonesia,Posisi Bidang Akuntansi & Keuangan Lainnya,"Kalibagor, Banyumas, Jawa Tengah, Indonesia",Perusahaan tidak menampilkan gaji,Penuh Waktu,"Perpajakan, Akuntansi, Acoounting Officer",,https://glints.com/id/opportunities/jobs/posisi-bidang-akuntansi-and-keuangan-lainnya/62c0e6a9-c8da-4c0d-a1a8-787ff8079126?utm_referrer=explore
PT Sree International Indonesia,Sales and Marketing Intern,"Setiabudi, Jakarta Selatan, DKI Jakarta, Indonesia",Perusahaan tidak menampilkan gaji,Magang,,"Create domestic marketing analysis, map potential clients and customers, Identify business opportunities in the assigned market, Develop business development plan and strategy, Execute Sales and Marketing Plan as on-the-job training, Create articles for social media, Maintain a report daily and presentation twice a month",https://glints.com/id/opportunities/jobs/sales-and-marketing-intern/16ce3f97-177b-4a57-bc7a-2adcd0422722?utm_referrer=explore
PT Enviro Meditech Pratama,Application Specialist - In Vitro Diagnostics,"Padang Timur, Padang, Sumatera Barat, Indonesia",Perusahaan tidak menampilkan gaji,Penuh Waktu,,"Study and comprehend products and their applications in detail, answering all inquiries regarding product details, components, and proper operation., Engage in communication with customers and manufacturers / suppliers regarding product and application., Maintain instruments function and continuity in installation bases through routine customer visits and customer info and data collection, Provide support for installation, trials, and other usage needs of products at customer sites., Conduct training sessions on product applications for customers and the team., Assist in resolving issues (troubleshooting) encountered by the team or customers in product applications., Provide support for events, promotions, and the launch of new products., Attend training, events, and workshops related to products and the field., Complete all tasks and achieve targets set by the Product Manager.",https://glints.com/id/opportunities/jobs/application-specialist-in-vitro-diagnostics/1853886c-554f-4a13-8bcf-0f65a064d1a1?utm_referrer=explore
PT Medika Jasa Utama (Global Doctor),DOKTER UMUM (ONSITE),"Kramatjati, Jakarta Timur, DKI Jakarta, Indonesia",Perusahaan tidak menampilkan gaji,Kontrak,"Medical Doctor, Accident and Emergency, Dokter Umum",,https://glints.com/id/opportunities/jobs/dokter-umum-onsite/56ab5228-a4a8-4c20-b1bb-c279c31d7990?utm_referrer=explore
CV Esia Indoraya,Sales Executive Surabaya Selatan,"Wonokromo, Surabaya, Jawa Timur, Indonesia",Perusahaan tidak menampilkan gaji,Penuh Waktu,"Target Oriented, Memiliki SIM C, Sales","Pria/Wanita (21-35 tahun), Berpenampilan menarik, Pendidikan minimal SMA/SMK, Memiliki Kendaraan, Dapat bekerja dalam team, Menyukai Pekerjaan lapangan & tantangan, Target Oriented, Bersedia ditempatkan di area Surabaya Timur, Barat & Selatan",https://glints.com/id/opportunities/jobs/sales-executive-surabaya-selatan/96276110-97ce-4e6b-b0bd-04dd5ec77ba2?utm_referrer=explore
CV Esia Indoraya,Sales Executive Surabaya Selatan,"Wonokromo, Surabaya, Jawa Timur, Indonesia",Perusahaan tidak menampilkan gaji,Penuh Waktu,,"Pria/Wanita (21-35 tahun), Berpenampilan menarik, Pendidikan minimal SMA/SMK, Memiliki Kendaraan, Dapat bekerja dalam team, Menyukai Pekerjaan lapangan & tantangan, Target Oriented, Bersedia ditempatkan di area Surabaya Timur, Barat & Selatan",https://glints.com/id/opportunities/jobs/sales-executive-surabaya-selatan/96276110-97ce-4e6b-b0bd-04dd5ec77ba2?utm_referrer=explore
PT NATURALVA HERBA INDONESIA,Staff Admin Produksi,"Cikarang Utara, Bekasi, Jawa Barat, Indonesia","Rp3jt-Rp3,8jt",Penuh Waktu,"Batch Records, Microsoft Excel, Stock Opname, Accurate, Administration","Usia maksimal 30 tahun, Minimun pendidikan SMA/SMK/D3/S1 jurusan Administrasi atau yang relevan, Memiliki pengalaman sebagai Admin Produksi atau Admin Gudang/Warehouse 1 tahun, Mahir mengoperasikan Ms. Office khususnya rumus-rumus Excel, Dapat menggunakan Accurate menjadi nilai plus, Memahami pengaplikasian batch record dan proses stock opname, Detail, teliti, cekatan, dan mudah mempelajari hal-hal baru, Good communication & time management skill, Memiliki kesehatan yang baik dan tidak buta warna, Penempatan Cikarang, Jawa Barat",https://glints.com/id/opportunities/jobs/staff-admin-produksi/c978ba4a-58b3-4d6a-8504-ca2eab77e86e?utm_referrer=explore
Yayasan Maleo,Kepala Sekolah,"Pondok Aren, Tangerang Selatan, Banten, Indonesia",Perusahaan tidak menampilkan gaji,Penuh Waktu,,"Pendagogi, Kepribadian, Sosial, Profesional, Manajerial, Kewirausahaan dan Supervisi, Mampu mengerjakan pekerjaan dengan computer",https://glints.com/id/opportunities/jobs/kepala-sekolah/2c58d7d1-55f8-4870-9994-1feca59b29cb?utm_referrer=explore
Bendega Bali,Security & Satpam,"Denpasar Selatan, Denpasar, Bali, Indonesia",Perusahaan tidak menampilkan gaji,Penuh Waktu,"safety security, Satpam, Security","Minimal Tamantan SMK, Freshgraduate /experience",https://glints.com/id/opportunities/jobs/security-and-satpam/46f53693-b2fc-4234-809e-48170e5f844c?utm_referrer=explore
Bendega Bali,Housekeeping,"Denpasar Selatan, Denpasar, Bali, Indonesia",Perusahaan tidak menampilkan gaji,Penuh Waktu,"housekeeping, Housekeeping, Housekeeper","Minimal tamatan SMK, Fresh graduate / experience",https://glints.com/id/opportunities/jobs/housekeeping/fdf39242-15f4-4a7f-9e35-30582ec24158?utm_referrer=explore
PT Ocean Centra Furnindo (jakarta),Marketing Manager,"Kelapa Gading, Jakarta Utara, DKI Jakarta, Indonesia",Perusahaan tidak menampilkan gaji,Penuh Waktu,,,https://glints.com/id/opportunities/jobs/marketing-manager/b7a7915a-31e6-4d67-93d4-4980827edf42?utm_referrer=explore
ROFI JAYA,Helper Gudang,"Mojosari, Mojokerto, Jawa Timur, Indonesia",Perusahaan tidak menampilkan gaji,Penuh Waktu,"Jenis Kelamin Laki-Laki, Teamwork, Helper gudang, Mampu Bekerja Keras Dan Jujur Serta Cepat Mampu Menyesuaikan Dan, mampu bekerja dibawah tekanan, Usia maksimal 28 tahun",,https://glints.com/id/opportunities/jobs/helper-gudang/89562de0-bca7-4567-95a1-4969f1a6e1d5?utm_referrer=explore
Serlok Kopi,Kitchen,"Gubeng, Surabaya, Jawa Timur, Indonesia",Perusahaan tidak menampilkan gaji,Penuh Waktu,"Bisa Memasak, Berkomunikasi Dengan Baik, Koki","Wanita/Pria, Pendidikan minimal SMA, Belum menikah, Usia maksimal 25 tahun, Domisili Surabaya",https://glints.com/id/opportunities/jobs/kitchen/651dc45d-105c-4399-b60d-e5069974bd99?utm_referrer=explore
Cleanvast Bali,Washer / Shoe Technician,"Denpasar Selatan, Denpasar, Bali, Indonesia",Perusahaan tidak menampilkan gaji,Penuh Waktu,"Shoes Care Technician, Shoes Technician, Safety Shoes","Pria, umur 20-30 tahun, Mudah belajar, beradaptasi, cekatan, Diberikan full training sampai benar-benar bisa, 6 hari kerja",https://glints.com/id/opportunities/jobs/washer-shoe-technician/158d3a92-52e8-403e-aabf-f03b8d57cae1?utm_referrer=explore
PT Medika Jasa Utama (Global Doctor),HR GENERALIST,"Kramatjati, Jakarta Timur, DKI Jakarta, Indonesia",Perusahaan tidak menampilkan gaji,Kontrak,,,https://glints.com/id/opportunities/jobs/hr-generalist/e5cdf4f6-aeb8-48b1-bffc-3032b3b3af58?utm_referrer=explore
Serlok Kopi,Cashier,"Gubeng, Surabaya, Jawa Timur, Indonesia",Perusahaan tidak menampilkan gaji,Penuh Waktu,"Memahami Mesin Kasir, Memiliki Kemampuan Komunikasi Yang Baik, Jujur Dan Pekerja Keras","Menerima pembayaran dari pelanggan dengan akurat dan efisien., Menghitung kembali uang tunai untuk memastikan kesesuaiannya dengan total transaksi., Menyediakan informasi produk, harga, dan promosi kepada pelanggan., Menangani pertanyaan dan keluhan pelanggan dengan sopan dan profesional., Mengelola transaksi non-tunai seperti pembayaran dengan kartu kredit atau sistem pembayaran elektronik., Menghasilkan laporan keuangan harian dan melakukan rekonsiliasi kas",https://glints.com/id/opportunities/jobs/cashier/8e2782f0-571e-42e0-85c3-64e0a9bb69c6?utm_referrer=explore
SMK Prestasi Prima,Guru Geografi,"Cipayung, Jakarta Timur, DKI Jakarta, Indonesia",Perusahaan tidak menampilkan gaji,Penuh Waktu,"Komunikatif, Berpengalaman mengajar, Mengajar",,https://glints.com/id/opportunities/jobs/guru-geografi/1fd5b817-20f9-4cf1-908a-da65bdb166cf?utm_referrer=explore
Arte living,Videografer,"Pinang, Tangerang, Banten, Indonesia",Perusahaan tidak menampilkan gaji,Penuh Waktu,,"Memahami pengambilan foto dan video yg baik (on set / on location), Mengedit video sebelum diupload ke media sosial /youtube, Memberikan ide pengambilan foto & video, Mahir dalam video editing, Memiliki pengalaman dalam bidang foto & video minimal 2 tahun, Mahir dalam menggunakan kamera dslr, Mahir mengatur pencahayaan, Mahir mengatur audio, Menguasai motion graphic, Memiliki kreativitas yang baik dalam bidang video & musik",https://glints.com/id/opportunities/jobs/videografer/2683e263-0be5-4ae3-80e2-2c16c9b6e1bf?utm_referrer=explore
Serlok Kopi,Waitress,"Gubeng, Surabaya, Jawa Timur, Indonesia",Perusahaan tidak menampilkan gaji,Penuh Waktu,"Berkomunikasi Dengan Baik, Waitress, Melayani Pelanggan","Menyapa dan melayani pelanggan di kafe atau restoran, Mengkonfirmasi item makanan sesuai dengan pesanan pelanggan, Mengantar pesanan makanan ke meja pelanggan, Mematuhi kebijakan, keamanan, dan kepuasan pelanggan, Memberikan tagihan dan memproses pembayaran",https://glints.com/id/opportunities/jobs/waitress/83ecb7ab-9e95-4895-a67c-3ff84ac25b0c?utm_referrer=explore
Tulus Asih Group,Legal & Permit,"Sumber, Cirebon, Jawa Barat, Indonesia",Perusahaan tidak menampilkan gaji,Penuh Waktu,,,https://glints.com/id/opportunities/jobs/legal-and-permit/52e58593-ee38-416a-8f58-93213d9a44fb?utm_referrer=explore
Rocket Fries,Staff Accounting,"Mulyorejo, Surabaya, Jawa Timur, Indonesia",Perusahaan tidak menampilkan gaji,Penuh Waktu,"Perpajakan, Teamwork, Akuntansi, Microsoft Excel, Usia Maksimal 30 Tahun, Ms Office, Accounting Staff",,https://glints.com/id/opportunities/jobs/staff-accounting/c09ed148-c5af-4a49-a048-d3cba7e23095?utm_referrer=explore
PT Niramas Utama (INACO),Sales Export Import Staff,"Tambun Selatan, Bekasi, Jawa Barat, Indonesia",Perusahaan tidak menampilkan gaji,Penuh Waktu,,"Taking order from customer and creating sales report, Monitoring competitor promotion, Checking stock (Availability) and display (Visibility) at store, Researching new outlet (NOO), Responsible in distribution in assigned area",https://glints.com/id/opportunities/jobs/sales-export-import-staff/9659408b-cd92-416e-b66f-67c723817d09?utm_referrer=explore
De Access Malang,Sales & Marketing Leader,"Sukun, Malang, Jawa Timur, Indonesia",Perusahaan tidak menampilkan gaji,Penuh Waktu,"Leadership, Berkomunikasi Dengan Baik, Presentation Skills","Laki-laki, usia maksimal 35 tahun, Diutamakan domisili Malang Raya, Pendidikan minimal D3/S1 semua jurusan, Pengalaman kerja minimal 2 Tahun sebagai sales & marketing pendidikan, Tinggi dan Berat badan ideal, Mahir menggunakan computer Microsoft Office, Aktif Social Media, Berorientasi pada target, Mampu berkomunikasi/sosialisasi/presentasi, Mampu bekerja secara individu dan tim, Dapat mengendarai mobil dan memiliki SIM A",https://glints.com/id/opportunities/jobs/sales-and-marketing-leader/3cf437e7-e0bc-4622-9dea-76d12dfde95f?utm_referrer=explore
Rocket Fries,Staff Finance,"Mulyorejo, Surabaya, Jawa Timur, Indonesia",Perusahaan tidak menampilkan gaji,Penuh Waktu,,,https://glints.com/id/opportunities/jobs/staff-finance/072b24be-1234-42c4-a2e3-bccacc518f5a?utm_referrer=explore
ERUBI LIVING,Drafter,"Tarumajaya, Bekasi, Jawa Barat, Indonesia",Perusahaan tidak menampilkan gaji,Penuh Waktu,"SketchUp, AutoCAD, Arsitektur, Interior Design, Ms Office, Layout Design, Interior Architecture","Pria, Pendidikan S1 Interior/ Arsitektur, Dapat bekerja dalam tim, Menguasai Sketchup, Layout, dan AutoCAD, Menguasai MS Office",https://glints.com/id/opportunities/jobs/drafter/82973376-8211-4175-a720-cb77b70b6957?utm_referrer=explore
PT Onesia Nusantara Evolusi,SALES REPRESENTATIF (AREA JAWA BARAT),"Batununggal, Bandung, Jawa Barat, Indonesia",Rp4jt-Rp10jt,Penuh Waktu,"B2B Marketing, Memiliki Kemampuan Komunikasi Yang Baik, B2G business development, Business Development, Account Executive, Lobby & Negotiation skill, Presentation Skills",,https://glints.com/id/opportunities/jobs/sales-representatif-area-jawa-barat/6f11cdc6-8f6a-4183-8bb7-c7bd019f82be?utm_referrer=explore
NoLimit Indonesia,Marketing Executive,"Kebayoran Baru, Jakarta Selatan, DKI Jakarta, Indonesia",Perusahaan tidak menampilkan gaji,Penuh Waktu,,,https://glints.com/id/opportunities/jobs/marketing-executive/1f1503c0-eea5-483b-91a7-dc1473c26715?utm_referrer=explore
Stayhoops,Host Live,"Bojongloa Kidul, Bandung, Jawa Barat, Indonesia","Rp2jt-Rp2,5jt",Penuh Waktu,,"Kualifikasi:, Bekerja secara paruh waktu, Memasarkan produk melalui livestreaming di TikTok secara rutin, Berpartisipasi sebagai talent dalam pembuatan content short video di TikTok atau platform sosial media lainnya bersama dengan tim kreatif, Membangun interaksi dengan audience dan bisa memasarkan produk, Update knowledge dan tren Tiktok, Wanita, Freshgraduate silahkan melamar, Berpenampilan Menarik, Memiliki kemampuan public speaking yang baik, Percaya diri depan kamera dan luwes, Passionate di bidang olahraga basketball & fashion, Mau belajar dan berkembang, Berpengalaman dibidang yang sama poin plus, Menyertakan Sosial media (Tiktok / Instagram)",https://glints.com/id/opportunities/jobs/host-live/3cbe9989-7595-464a-bf20-8951f41dc512?utm_referrer=explore
Rakamin Academy,Talent Hiring and Data Management Internship,"Setiabudi, Jakarta Selatan, DKI Jakarta, Indonesia",Rp1jt-Rp1jt,Magang,,"Final semester students or fresh graduates - adaptable and willing to learn, Understand basic Excel formulas, familiar with Zoom, Google Meet, and GPT chat, Have good communication skills and detail oriented, Having experience related to the recruitment process is a plus",https://glints.com/id/opportunities/jobs/talent-hiring-and-data-management-internship/b79c8f37-34ba-4984-bc16-f1b77fdbb0ac?utm_referrer=explore
FUJI ELEVATOR INDONESIA,STAFF GUDANG / ADMIN GUDANG / HELPER LOGISTIK,"Menteng, Jakarta Pusat, DKI Jakarta, Indonesia","Rp3,5jt-Rp4,5jt",Penuh Waktu,"Staff Gudang, Admin, Administrasi gudang, Petugas Gudang, Helper gudang, Administrasi, Office Administration, Administration",,https://glints.com/id/opportunities/jobs/staff-gudang-admin-gudang-helper-logistik/5d4da178-2aae-4f77-9cdc-95e55986c16d?utm_referrer=explore
PT Greenly Lifestyle Indonesia,Cook/Kitchen Staff,"Tenggilis Mejoyo, Surabaya, Jawa Timur, Indonesia",Perusahaan tidak menampilkan gaji,Penuh Waktu,,"Dapat bergabung segera, Min D3 S1 Kulinary/Tata Boga/Hotel, Kemampuan Cook & Kitchen yang Kompeten, Minimal Pengalaman 5 Th di Cafe/Resto/Hotel",https://glints.com/id/opportunities/jobs/cook-kitchen-staff/85c6c3b8-0b89-4d93-8b87-dc11f9105851?utm_referrer=explore
SAP Group,Admin Service,"Babakan Ciparay, Bandung, Jawa Barat, Indonesia",Perusahaan tidak menampilkan gaji,Penuh Waktu,,"Bertugas untuk menerima barang yang akan di service dari customer yang kemudian mereka jugalah yang akan menyerahkan barang yang telah di service tersebut, Membuat laporan penerimaan dan pengeluaran barang yang di service, Menghubungi customer untuk pengambilan atau meminta persetujuan barang yang akan di service, Mengerjakan kegiatan administrasi seperti mengecek stock, melakukan pemesanan, membuat invoice, filling data, dll., Mencetak kontrak kerja untuk perjanjian kerjasama sesuai dengan kesepakatan yang telah disepakati oleh Workshop Head, Memonitoring batas waktu pembayaran dan dokumen pendukung lainnya, Melakukan kegiatan administrasi masalah perpajakan, Membantu melengkapi data yang dibutuhkan untuk pengiriman barang, Memilah surat, paket kiriman dan pemesanan, Menjawab dan menerima telepon masuk, Membuat surat baik secara offline maupun online, Memesan persediaan alat tulis kantor, Menyapa dan memberikan tanggapan ke klien, Membuat agenda kantor, Mengelola buku harian",https://glints.com/id/opportunities/jobs/admin-service/96337df6-c93d-420e-a5bf-b04bab978b23?utm_referrer=explore
PT Medika Jasa Utama (Global Doctor),PERAWAT UK (UNITED KINGDOM),"Kramatjati, Jakarta Timur, DKI Jakarta, Indonesia",Perusahaan tidak menampilkan gaji,Penuh Waktu,"Tindakan keperawatan, Fluent In English And Bahasa Both Written And Spoken, Asuhan keperawatan",,https://glints.com/id/opportunities/jobs/perawat-uk-united-kingdom/e031d9f5-b756-4da1-a89e-1f3d2e41b5f0?utm_referrer=explore
Bimbel Youth Educational Centre,Content Creator,"Kemantren Wirobrajan, Yogyakarta, DI Yogyakarta, Indonesia",Rp300rb-Rp1jt,Magang,,"Terbuka untuk semua jurusan (minimal semester 5), Wanita/Pria, maks 27 th, Mempunyai pengalaman mengelola media sosial terutama Instagram dan Tiktok, Mempunyai kendaraan dan laptop pribadi (WFO), Bersedia mengikuti sistem dan jam kerja di Bimbel YEC",https://glints.com/id/opportunities/jobs/content-creator/ed7b7d51-226c-4afc-bbb3-d844f1a0fa1e?utm_referrer=explore
PT. KREASI PEMUDA BANGSA (AKSEL),Sales Arsitektural,"Pagedangan, Tangerang, Banten, Indonesia",Rp4jt-Rp7jt,Penuh Waktu,"Mengerti Arsitektur, Sales, memiliki pengetahuan bangunan",,https://glints.com/id/opportunities/jobs/sales-arsitektural/24c09b18-545c-452a-b710-ccd2fa86f6b4?utm_referrer=explore
